category,name,website,applications_open,target_years,eligible,notes,source_id,last_checked,last_changed,snapshot_hash,status,first_seen,muted
Quant firm program,Discover Citadel,https://www.citadel.com/careers/programs-and-events/discover-citadel/,Nov/Dec-Jan,1st & 2nd year,YES,"Invitation-only 2-day event; NY, London, Hong Kong or Singapore. Grad window Dec 2027-Jun 2029 in current cycle.",,,,,unknown,,false
Quant firm program,Discover Citadel Securities,https://www.citadelsecurities.com/careers/programs-and-events/,Nov/Dec-Jan,1st & 2nd year,YES,Separate application from the hedge fund side. Apply to both.,,,,,unknown,,false
Quant firm program,Citadel Trading Invitational,https://www.citadel.com/careers/programs-and-events/the-trading-invitational/,Deadline ~mid-Feb; event spring,1st & 2nd year,YES,Travel + hotel + meals covered (~$750 value). Simulated trading scenario.,,,,,unknown,,false
Quant firm program,Citadel Securities Trading Invitational,https://www.citadelsecurities.com/careers/programs-and-events/the-trading-invitational/,Deadline ~mid-Feb; event spring,1st & 2nd year,YES,"Same structure, market-making focus.",,,,,unknown,,false
Quant firm program,Citadel Launch,https://www.citadel.com/careers/open-opportunities/students/internships/,Aug-Sep,Early undergrad,YES,11-week engineering internship for students early in their journey.,,,,,unknown,,false
Quant firm program,Citadel Securities Quant Invitational,https://www.citadelsecurities.com/careers/markets-and-trading/,Check site,Undergraduate,CHECK,Listed on their programs page; class-year requirement not published.,,,,,unknown,,false
Quant firm program,Citadel Securities Ignite,https://www.citadelsecurities.com/careers/programs-and-events/,Fall,Sophomore women,NO,Invite-only weeklong program for sophomore women.,,,,,unknown,,false
Quant firm program,Jane Street FTTP,https://www.janestreet.com/join-jane-street/programs-and-events/fttp/,Sep-Oct (some reports Feb-Mar),1st year only,YES,"Classes + team-based mock trading. STEM majors, no finance background needed. Rolling - apply week one.",,2026-10-10T13:51:10+00:00,,93f9967c3ceeb4efe5e6d1c216415b8cd6807a0f8e0fd3d7fdf1903530d27cc8,unknown,,false
Quant firm program,Jane Street SEE,https://www.janestreet.com/join-jane-street/programs-and-events/,Check site,Freshman/Sophomore,YES,Software Engineering Experience - OCaml and systems design.,,,,,unknown,,false
Quant firm program,Jane Street JSIP,https://www.janestreet.com/join-jane-street/programs-and-events/jsip/,Deadline ~Feb 8,1st & 2nd year,NO,"Multi-week paid NYC program, $12,500 scholarship - but requires having experienced barriers to access in CS. | Checked 2026-09-26: now redirects to the programs-and-events index, which does not list JSIP. Kept: it may reopen for the next cycle.",,,,,unknown,,false
Quant firm program,Jane Street INSIGHT,https://www.janestreet.com/join-jane-street/programs-and-events/insight/,Fall,Undergraduate,NO,"For women, transgender and gender-expansive people.",,2026-10-10T13:51:10+00:00,,9c071c4826e0c6bed0f851825c5a32161944e2c0e4b11ef3f0cfc8cf2321a717,unknown,,false
Quant firm program,Jane Street WiSE,https://www.janestreet.com/join-jane-street/programs-and-events/,Fall,Undergraduate,NO,Women / trans / gender-expansive students.,,,,,unknown,,false
Quant firm program,Jane Street FOCUS and IN FOCUS,https://www.janestreet.com/join-jane-street/programs-and-events/,Fall-winter,1st & 2nd year,NO,"Barriers-to-access criteria (first-gen, Pell-eligible, under-resourced school). Read criteria yourself.",,,,,unknown,,false
Quant firm program,Jane Street AMP - TA role,https://www.janestreet.com/join-jane-street/programs-and-events/amp/,Winter-spring,Rising sophomore+,LATER,"Paid Jane Street summer on the teaching side. Housing, meals, travel covered. Eligible from spring 2027.",,,,,unknown,,false
Quant firm program,Jane Street ETC,https://www.janestreet.com/join-jane-street/programs-and-events/,Invitation-based,Undergraduate,INVITE,"Electronic Trading Challenge. Entry via university, prior JS events, or the puzzle ecosystem.",,,,,unknown,,false
Quant firm program,Jane Street Symposium,https://www.janestreet.com/join-jane-street/programs-and-events/,Invitation-based,Undergraduate,INVITE,,,,,,unknown,,false
Quant firm program,Jane Street Unboxed,https://www.janestreet.com/join-jane-street/programs-and-events/,Check site,Not published,CHECK,,,,,,unknown,,false
Quant firm program,Jane Street SF Puzzle City,https://www.janestreet.com/puzzles/,Check site,Open,YES,In-person puzzle event.,,,,,unknown,,false
Quant firm program,Jane Street Puzzles (monthly),https://www.janestreet.com/puzzles/,Always open,Anyone,YES,The free on-ramp to the ETC/Symposium invite ecosystem. Do these.,,,,,unknown,,false
Quant firm program,Jane Street Market Prediction (Kaggle),https://www.kaggle.com/competitions,When live,Anyone,YES,,,,,,unknown,,false
Quant firm program,Jane Street Graduate Research Fellowship,https://www.janestreet.com/join-jane-street/programs-and-events/,Fall,PhD,NO,,,,,,unknown,,false
Quant firm program,Jane Street Visiting Researcher / Prefaculty,https://www.janestreet.com/join-jane-street/programs-and-events/,n/a,PhD / faculty,NO,,,,,,unknown,,false
Quant firm program,SIG First Year Discovery Day,https://careers.sig.com/discovery-programs/jobs,Opens ~Aug-Sep; EVENT OCT 2026,1st year only,YES,Virtual. No prior finance experience required. Confirmed date - nearest hard deadline on this list.,,,,,unknown,,false
Quant firm program,SIG Sophomore Discovery Day - Trading,https://careers.sig.com/discovery-programs/jobs,Fall,2nd year,LATER,"Reports say includes an interview, unlike the freshman event.",,,,,unknown,,false
Quant firm program,SIG Sophomore Discovery Day - Capital Markets,https://careers.sig.com/discovery-programs/jobs,Fall,2nd year,LATER,,,,,,unknown,,false
Quant firm program,SIG Sophomore Discovery Day - Technology,https://careers.sig.com/discovery-programs/jobs,Fall,2nd year,LATER,,,,,,unknown,,false
Quant firm program,SIG Sophomore Discovery Day - Technology Infrastructure,https://careers.sig.com/discovery-programs/jobs,Fall,2nd year,LATER,,,,,,unknown,,false
Quant firm program,SIG Sophomore Discovery Day - Growth Equity,https://careers.sig.com/discovery-programs/jobs,Fall,2nd year,LATER,,,,,,unknown,,false
Quant firm program,SIG Sophomore Discovery Days for Women (all tracks),https://careers.sig.com/discovery-programs/jobs,Fall,2nd year women,NO,,,,,,unknown,,false
Quant firm program,SIG Insight Week,https://careers.sig.com/,Check site,Not published,CHECK,,,,,,unknown,,false
Quant firm program,AQR Early Engagement Day,https://careers.aqr.com/jobs/department/university-jobs,Fall,1st & 2nd year,YES,Explicitly first and second year. Inside track to the summer internship. NOT in the NUFT repo - easy to miss.,,,,,unknown,,false
Quant firm program,AQR Quanta Academy,https://www.aqr.com/Insights/Quanta-Academy,Always open,Anyone,YES,"Self-serve educational resource, not an application. | Checked 2026-09-26: now redirects to aqr.com/404. Kept: it may reopen.",,,,,unknown,,false
Quant firm program,Explore HRT / Inside HRT,https://www.hudsonrivertrading.com/student-opportunities/,Check - was closed as of last look,1st & 2nd year,YES,"3-day immersive for 1st/2nd years in CS, math or STEM.",,,,,unknown,,false
Quant firm program,HRT Sophomore Winternship,https://www.hudsonrivertrading.com/student-opportunities/,Fall,2nd year,LATER,"January, 2-4 weeks, Python/C++.",,,,,unknown,,false
Quant firm program,Bridgewater Rising Fellows,https://www.bridgewater.com/risingfellowsprogram,Jan-Feb,1st year,NO,"CORRECTED: first-year eligible BUT targets backgrounds underrepresented in the industry, recruiting via HBCUs, O4U, BLK Capital, Prep for Prep. | Checked 2026-09-26: now redirects to the generic /working-at-bridgewater page. Kept: it may reopen.",,,,,unknown,,false
Quant firm program,Bridgewater Investment Immersion Program,https://www.bridgewater.com/working-at-bridgewater/students,Dec 1 - Jan 31,2nd year only,LATER,3 days onsite in Westport. Explicitly 'second year of a 4-year degree'.,,,,,unknown,,false
Quant firm program,D. E. Shaw Nexus Fellowship,https://campus.deshaw.com/fellowships,Opens ~Oct; closes mid-Nov,2nd year,LATER,"THE one for a first-year to target the following year - Nexus is the all-students track. 3 days NYC, $1,500 stipend, travel + lodging. | Checked 2026-09-26: campus.deshaw.com/fellowships now redirects to the campus root, which mentions no fellowships. Kept; the root is watched as deshaw-campus.",,,,,unknown,,false
Quant firm program,D. E. Shaw Discovery Fellowship,https://campus.deshaw.com/fellowships,Oct-Nov,2nd year women,NO,"Checked 2026-09-26: campus.deshaw.com/fellowships now redirects to the campus root, which mentions no fellowships. Kept; the root is watched as deshaw-campus.",,,,,unknown,,false
Quant firm program,D. E. Shaw Latitude Fellowship,https://campus.deshaw.com/fellowships,Oct-Nov,"2nd year, underrepresented minority",NO,"Checked 2026-09-26: campus.deshaw.com/fellowships now redirects to the campus root, which mentions no fellowships. Kept; the root is watched as deshaw-campus.",,,,,unknown,,false
Quant firm program,D. E. Shaw Momentum Fellowship,https://campus.deshaw.com/fellowships,Oct-Nov,"2nd year, LGBTQIA+",NO,"Checked 2026-09-26: campus.deshaw.com/fellowships now redirects to the campus root, which mentions no fellowships. Kept; the root is watched as deshaw-campus.",,,,,unknown,,false
Quant firm program,D. E. Shaw Research (DESRES) STEM Fellowship,https://www.deshawresearch.com/stemfellowship/,Winter-spring,Rising sophomore+,LATER,"Open to RISING sophomores - a first-year qualifies in spring 2027. Computational biochemistry entity, not the fund. | Checked 2026-09-26: now redirects to deshawresearch.com/joining.html, which mentions only summer internships. Kept: it may reopen.",,,,,unknown,,false
Quant firm program,Optiver Insight Days,https://optiver.com/working-at-optiver/career-opportunities/,Check site,Not published,CHECK,,,,,,unknown,,false
Quant firm program,Optiver Trading Day,https://optiver.com/working-at-optiver/career-opportunities/,Check site,Not published,CHECK,,,,,,unknown,,false
Quant firm program,Optiver Market Making Competition,https://optiver.com/working-at-optiver/career-opportunities/,Check site,Not published,CHECK,,,,,,unknown,,false
Quant firm program,Optiver Ready Trader Go,https://optiver.com/working-at-optiver/career-opportunities/,Intermittent - has skipped years,Not published,CHECK,,optiver-ready-trader,2026-10-10T13:51:10+00:00,2026-10-07T14:42:32+00:00,36cfe7e7863f9d1460b8dc4a91e8c1baec01e9664a492fb99d918b34bf2b6ea3,open,,false
Quant firm program,Optiver Quantitative Intern Summer 2027,https://optiver.com/working-at-optiver/career-opportunities/,Open now,Sophomore+ (grad Dec 2027-Jun 2029),NO,"Highest pay in the industry, but a first-year is too early.",,,,,unknown,,false
Quant firm program,Akuna Virtual Quant Trading Challenge,https://akunacapital.com/careers/job/7986086/?gh_jid=7986086,Check site,Open,YES,Write market-making bots against an open exchange.,akunacapital-greenhouse,,,,unknown,,false
Quant firm program,Akuna University - Options 101 / 201,https://akunacapital.com/careers,Always open,Anyone,YES,Self-serve options curriculum.,,,,,unknown,,false
Quant firm program,Akuna Trading Sneak Peek Week,https://akunacapital.com/careers,Check site,Not published,CHECK,"Options crash course: risk management, game theory, decision making.",akunacapital-greenhouse,,,,unknown,,false
Quant firm program,Flow Traders E-House Day,https://www.flowtraders.com/careers,Check site,Open,YES,Virtual ETF / strategy session.,,,,,unknown,,false
Quant firm program,Flow Traders Trading Business Course,https://www.flowtraders.com/careers,Check site,Open,YES,,,,,,unknown,,false
Quant firm program,Discover DRW,https://drw.com/work-at-drw/category/campus,Check site,UNCONFIRMED for 1st year,CHECK,2-day quant trading immersion. Verify class year directly.,,,,,unknown,,false
Quant firm program,Five Rings Winternship,https://fiverings.com/careers,Fall,UNCONFIRMED for 1st year,CHECK,"4 weeks NY: projects, classroom, strategy games, mock trading.",,,,,unknown,,false
Quant firm program,Virtu Financial Women's Winternship,https://www.virtu.com/careers/,Fall,Women,NO,,,,,,unknown,,false
Quant firm program,Cubist Systematic Strategies Hackathon,https://careers.point72.com/,Check site,Students,YES,"NYC, models built on NYC Open Data.",,,,,unknown,,false
Quant firm program,Cubist Quant Academy,https://careers.point72.com/,Check site,Not published,CHECK,,,,,,unknown,,false
Quant firm program,Point72 Academy,https://point72.com/point72-academy/,"Rolling, closes when full",Graduating seniors,NO,"NOT an underclassman program. 10-month paid post-grad program, $125k base. 2027 class wants Dec 2026-Jul 2027 grads.",,,,,unknown,,false
Quant firm program,IMC Prosperity Trading Competition,https://prosperity.imc.com/,Tutorial ~mid-Mar; rounds Apr,18+ and enrolled,YES,"Teams up to 5, $50,000 pool, fully online. Most accessible serious quant competition. Stanford won top-US in year one.",imc-prosperity,2026-10-10T13:51:10+00:00,,3b541cb75868404a0307698c28936a3c15214bcdc80643aff83c6e0bfe329ec7,unknown,,false
Quant firm program,IMC WiT (Women in Technology),https://careers.imc.com/us/en/student-opportunities,Fall,Women,NO,,,,,,unknown,,false
Quant firm program,IMC UK Masterclass,https://careers.imc.com/,Varies,UK-based students,NO,Geographic exclusion - excludes US-based students.,,,,,unknown,,false
Quant firm program,PEAK6 Trading Bootcamp,https://peak6.com/campus/,Aug; interviews from Jan,Juniors (grad Dec 2026-Jun 2027),NO,"One week, $25-31.25/hr, two sessions (May and Aug).",,,,,unknown,,false
Quant firm program,WorldQuant IQC / BRAIN,https://www.worldquant.com/brain/iqc/,Registration opens ~Mar 17,"18+, university students",YES,Teams of 1-4 from one university. $100k pool. Solo entry allowed. Huge field (140k+ registrations) so mid-table means little.,worldquant-iqc,2026-10-10T13:51:10+00:00,,a5e283dc021baa5603852c02e10eb2cbf73b95e1e3be15db30d49cbe7b03db2d,unknown,,false
Quant firm program,Two Sigma Undergraduate Scholarship,https://www.twosigma.com/undergraduate-students/,Fall,3rd year of 4-year degree,LATER,"Merit-based (resume, transcript, letters). Guarantees a first-round internship interview.",,,,,unknown,,false
Quant firm program,Two Sigma Diversity Undergraduate Scholarship,https://www.twosigma.com/undergraduate-students/,Fall,"Women, LGBTQ+, underrepresented",NO,,,,,,unknown,,false
Quant firm program,Two Sigma College Mentor Connect,https://www.twosigma.com/undergraduate-students/,Dec-Jan,"Rising sophomore, underrepresented in STEM",NO,6-week remote mentorship on open-source projects.,,,,,unknown,,false
Quant firm program,Two Sigma PhD Fellowship,https://www.twosigma.com/graduate-students/phd-fellowships/,Fall,"PhD, 3rd year+",NO,,,,,,unknown,,false
Quant firm program,Two Sigma Financial Modeling Challenge,https://www.twosigma.com/,Check site,Not published,CHECK,,,,,,unknown,,false
Competition,Cornell Trading Competition,https://cornellquantfund.org/competition,EARLY FALL 2026 - imminent,Any undergrad or masters,YES,"Teams of 4, NO EXPERIENCE NECESSARY, $10k+ prizes, Cornell Tech NYC. Case packets released 2 weeks early.",cornell-trading-competition,2026-10-10T13:51:10+00:00,,9bfa64ae3ce14a83e01fda341e8430c0dd9683d30a7ac2cc4a4bce2c8fe67c24,unknown,,false
Competition,UChicago Trading Competition,https://tradingcompetition.uchicago.edu/,NOVEMBER 2026,Undergraduate,YES,"PRIORITY TO TEAMS WITHOUT PRIOR TRADING WORK EXPERIENCE - structurally favors freshmen. April event, $15k+ prizes.",uchicago-trading-competition,2026-10-10T13:51:10+00:00,,927fdcaa8de74c5764c1ea911ac069d0ba24c860cfef808da1a749ad1be0f32c,unknown,,false
Competition,Berkeley Trading Competition,https://traders.studentorg.berkeley.edu/competition.html,Winter; event late Feb,Undergrad + grad,YES,"West Coast's premier event, $20,000 pool, 45 min from campus. Best convenience-to-value ratio on this list. | Checked 2026-09-26: the listed competition.html URL returns 404; the live page is traders.studentorg.berkeley.edu/competition/, which is what is watched. The listed URL is kept.",berkeley-trading-competition,2026-10-10T13:51:10+00:00,,bbb9cef4a4c317d100a40ec68e396c0e0f4befe80be126a801a65a277045a626,unknown,,false
Competition,Traders@MIT Trading Competition,https://traders.mit.edu/competition,Winter/spring,Any university,YES,"Largest intercollegiate competition, $20,000+. NOT the same as Pokerbots - this one IS open to first-years.",mit-trading-competition,2026-10-10T13:51:10+00:00,2026-10-03T12:42:39+00:00,72fa80328b9c4686227f4a986a19832ecf252d194f978f745948259f94b79a35,unknown,,false
Competition,Yale Undergraduate Trading Competition,https://www.yale.edu/,Check site,Undergrad + grad,YES,"$10,000+ in prizes, nationwide. | Checked 2026-09-26: the competition's own site is yutc.org (a JavaScript page, watched with render_js); the listed yale.edu is kept.",yutc,2026-10-10T13:51:10+00:00,,9b6d9cd03efcdf962fe81f88327c79568b6b2cda22d36c81b4da208fb1be77da,unknown,,false
Competition,Duke FinTech Trading Competition,https://www.duke.edu/,Check site,Students worldwide,YES,"3 months, paper trading, bracket format. Sponsors include Schonfeld. Lowest time commitment. | Checked 2026-09-26: Duke Quantitative Finance's competition page is dukequant.com/general-7 (watched with render_js); not yet confirmed to be the same event this row names. The listed duke.edu is kept.",dukequant-competition,2026-10-10T13:51:10+00:00,,f135eb1ca0989c96e64a7fe13513c2a36a279a2ba3f056a5ad6fb100a11310e4,unknown,,false
Competition,Georgetown Quant Club Trading Competition,https://www.georgetownquants.com/competition,Winter; event ~Mar,Students,YES,Newer and less saturated - inaugural event was Mar 2026.,,,,,unknown,,false
Competition,Rotman International Trading Competition,https://www.rotman.utoronto.ca/,"Fall, via your university",University-sponsored team,VIA CLUB,"40+ universities, RIT Market Simulator. Entry runs through Traders @ Stanford, not by individual application.",,,,,unknown,,false
Competition,MIT Pokerbots,https://pokerbots.org/,"Dec, for January IAP",MIT registration required,NO,Must be able to register for MIT IAP classes; a team member needs MIT certificates for the competition server.,pokerbots,2026-10-10T13:51:10+00:00,,06d65258bb5c3c186c7c7db68031023271821689fc4fbd1ea75d865b8fd282c8,unknown,,false
Competition,Gemini Collegiate Quantitative Trading Competition,https://www.gemini.com/,Check via student orgs,"Students, allocated by team",CHECK,Trades on the live Gemini exchange under competition accounts.,,,,,unknown,,false
Competition,Kalshi Trading Competition,https://kalshi.com/,Check site,Students,YES,"Event contracts; has offered $5,000 in credits plus a potential internship.",,,,,unknown,,false
Competition,Thinkorswim Challenge,https://www.schwab.com/,Check site,Students,YES,,,,,,unknown,,false
Competition,QuantConnect Quant League,https://www.quantconnect.com/league/,EVERY CALENDAR QUARTER,Students,YES,Continuously open - the only always-available one here.,,,,,unknown,,false
Competition,Citadel Securities Terminal / Terminal AI,https://www.citadelsecurities.com/careers/programs-and-events/,Regional rounds,Any undergrad,YES,Tower-defense algorithm competition. Winners earn access to exclusive job opportunities.,,,,,unknown,,false
Competition,Citadel Datathon / Data Open,https://www.citadel.com/careers/programs-and-events/,Regional then global finals,Any undergrad,YES,Compete to earn an interview. No class-year gate.,,,,,unknown,,false
Competition,Citadel + Correlation One Summer Invitational,https://www.citadel.com/careers/programs-and-events/,Summer,Any undergrad,YES,Another name for the Datathon - do NOT double-apply.,,,,,unknown,,false
Competition,Citadel x Amplify Trading Challenge,https://www.citadel.com/careers/programs-and-events/,Check site,Undergraduate,CHECK,,,,,,unknown,,false
Competition,Putnam Competition,https://maa.org/putnam,Register Sep-Oct; exam early Dec,Any undergraduate,YES,"Among the highest-signal lines a first-year can add to a quant resume. A high placement reportedly overrides GPA and non-target background. | Checked 2026-09-26: maa.org returns 403 to this client, so it cannot be watched; registration goes through Stanford's local supervisor, typically opening in September and closing before the early-December exam.",,,,,unknown,,false
Competition,ICPC,https://icpc.global/,Fall,Undergraduate,YES,"Checked 2026-09-26: icpc.global is a JavaScript shell (53 chars); Stanford's regional, pnw.na.icpc.global, is what is watched.",icpc-pnw,2026-10-10T13:51:10+00:00,,1672830f5a1876d859344fc3c706ab1facdc1a9023bd3cf0a0eb4a1d311075cb,unknown,,false
Competition,Kaggle - Optiver / Jane Street sponsored,https://www.kaggle.com/competitions,Rolling,Anyone,YES,Legitimate substitute if ETC never materialises. Reads as an ML-research credential.,,,,,unknown,,false
Tech internship,Explore Microsoft,https://careers.microsoft.com/v2/global/en/exploremicrosoft,Late summer-fall (2027 US posting not up as of Aug 2026),1st & 2nd year,YES,"12 weeks; rotate through design, build and quality phases in a pod. Set a job alert - no universal date published.",,,,,unknown,,false
Tech internship,Google ASDI (formerly STEP),https://www.google.com/about/careers/applications/,Early fall,1st & 2nd year,YES,"RENAMED - search 'ASDI', not 'STEP'. 12 weeks, paired with a host engineer and a co-intern.",,,,,unknown,,false
Tech internship,NVIDIA Ignite,https://www.nvidia.com/en-us/about-nvidia/careers/university-recruiting/,Aug-Sep; deadline Oct-Nov,Current freshmen & sophomores,YES,"12-week 'pre-internship'. Software / Hardware / Business Ops tracks. Some NVIDIA pages say 'underrepresented communities', main US pages say 'wide range of backgrounds' - do not self-select out.",,,,,unknown,,false
Tech internship,NVIDIA Internship (software / systems),https://www.nvidia.com/en-us/about-nvidia/careers/university-recruiting/,"Aug-Oct, rolling",BS and above,YES,"Long shot but no GPA cutoff. $20-71/hr software + $1,800-2,800/mo housing. Avoid AI-research reqs (8 of 9 want MS/PhD).",,,,,unknown,,false
Tech internship,LinkedIn First Play,https://careers.linkedin.com/,Check site,Completed 1st or 2nd year of CS,YES,,,,,,unknown,,false
Tech internship,Duolingo Thrive,https://careers.duolingo.com/,Check site,Underclassmen,YES,,,,,,unknown,,false
Tech internship,UberSTAR,https://www.uber.com/us/en/careers/,Dec-Jan,Freshman/sophomore,YES,Consistently positive reviews.,,,,,unknown,,false
Tech internship,Capital One TEIP,https://www.capitalonecareers.com/,Dec-Jan,Freshman/sophomore,YES,"Underclassman version of TIP (which is rising-seniors only). Real SWE work, full intern comp.",,,,,unknown,,false
Tech internship,"Google Student Researcher, BS/MS",https://www.google.com/about/careers/applications/,"Deadline Nov 27, 2026 (rolling, may close early)",Any enrolled bachelor's,YES,"MOST UNDERRATED ITEM HERE - research role across Google Research, DeepMind and Cloud with NO class-year gate. Must be US-based.",,,,,unknown,,false
Tech internship,MLH Fellowship,https://fellowship.mlh.io/,"Rolling (fall batch closed Aug 31, 2026)",Any student,YES,,,,,,unknown,,false
Tech internship,Google Summer of Code,https://summerofcode.withgoogle.com/,Orgs announced Feb; apps ~Mar 16-31,"18+, limited prior OSS experience",YES,Design FAVOURS beginners. Pre-application contributions are the strongest predictor of selection - start contributing in January.,,,,,unknown,,false
Tech internship,Databricks Student Fellows,https://www.databricks.com/company/careers,Check site,Undergraduates,YES,,,,,,unknown,,false
Tech internship,Scale AI - AI Builder Intern,https://scale.com/careers,Rolling,"Any undergrad, no class-year gate",YES,,,,,,unknown,,false
Tech internship,Etched - Supercomputing Intern,https://www.etched.com/,Rolling,"Bachelor's-track, no class cutoff",YES,,,,,,unknown,,false
Tech internship,Kalshi - Support Ops Intern,https://kalshi.com/careers,Rolling,No class-year gate,YES,Ops rather than SWE. $20-25/hr.,,,,,unknown,,false
Tech internship,Handshake AI Fellowship,https://joinhandshake.com/ai/,Rolling,Undergrad and above,YES,NOT an internship - 1099 AI-training gig work. Math queues pay the top tier ($17-125/hr). Volatile workflow; two lawsuits allege withheld payments. Read each project's time cap.,,,,,unknown,,false
Tech internship,Meta University,n/a,CANCELLED Jan 2025,n/a,NO,Discontinued with no replacement. Ignore any list that still includes it.,,,,,unknown,,false
Tech internship,Palantir Path,n/a,REPLACED by Palantir Accelerate,n/a,NO,,,,,,unknown,,false
Tech internship,Coding it Forward - Civic Digital Fellowship,https://www.codingitforward.com/fellowship,Winter,"Juniors, seniors, recent grads",NO,TRAP - appears on most underclassmen lists but 2026 required graduating May 2025-Dec 2027. Diary for junior year.,,,,,unknown,,false
Tech internship,PwC AI Externship (via Extern),https://www.extern.com/pwc-ai-externships,Rolling,Any,LOW VALUE,"4 weeks, ~5 hrs/wk, $100 stipend. Aimed at career changers with empty resumes. The in-person PwC AI Workshop ($50) is a cheaper afternoon.",,,,,unknown,,false
Research / math,DOE SULI,https://science.osti.gov/wdts/suli,Summer cycle opens fall; deadline ~Jan,NO class-year requirement,YES,"TOP PICK. Any full-time undergrad, 18+, 3.0 GPA, US citizen or LPR. Name SLAC as first choice and email slacinternships@slac.stanford.edu.",,,,,unknown,,false
Research / math,Polymath Jr REU,https://geometrynyc.wixsite.com/polymathreu,Deadline ~Apr 1,Any undergrad with proof-writing experience,YES,"Online, groups of 10-25 working toward a paper. No citizenship restriction. Part-time allowed, so it stacks with something else.",,,,,unknown,,false
Research / math,UChicago Math REU - Apprentice Program,https://math.uchicago.edu/~may/REU2026/,Deadline ~Feb 6,Freshmen & sophomores,YES,"Built for first-years: 5 weeks, discrete math, for students not yet in advanced courses. Apprentices often return to the full program. | Checked 2026-09-26: the URL is year-specific; REU2027/ returns 404 today and the parent page does not link it yet. Kept.",,,,,unknown,,false
Research / math,PCMI Undergraduate Summer School,https://www.ias.edu/pcmi,Deadline Jan 31 (via MathPrograms.org),All undergraduate levels,YES,"3 weeks in residence + Experimental Math Lab. Prereqs vary by year's theme - 2026 needed group theory, 2025 only combinatorics.",,,,,unknown,,false
Research / math,Math REU master list (2027),https://sites.google.com/view/mathreu,Dec-Feb,Varies by site,YES,"Spreadsheet of REUs planning to run in summer 2027. | Checked 2026-09-26: the data lives in a Google Sheet (docs.google.com/spreadsheets/d/1U-27BeHMSJCWumbNByal2tHyYo9wRVud9WoRE70E47Y), which holds 1 row (350 chars) - below the 500-char content floor, so it is not watched yet. MathPrograms.org is watched instead.",,,,,unknown,,false
Research / math,REU Finder - freshman-eligible filter,https://reufinder.com/programs-for-freshmen/,Dec-Feb,Freshmen,YES,,reufinder-freshmen,2026-10-10T13:51:10+00:00,2026-10-10T13:51:10+00:00,c9eeeca6895d5ef3de5570fe0f5140c10370d30499177d7fd68d450803b44d05,open,,false
Research / math,NASA Internships,https://intern.nasa.gov/,Year-round,Varies by posting,YES,Many individual postings accept freshmen.,,,,,unknown,,false
Research / math,SLAC internships (beyond SULI),https://careers.slac.stanford.edu/,Varies,Varies,YES,e.g. the LCLS internship. A mile from campus.,,,,,unknown,,false
Stanford-only,Stanford CURIS,https://curis.stanford.edu/,Jan 27 - Feb 10,Any Stanford undergrad,YES,"CS dept paid summer research. Project list posted late Jan. Also lists year-round projects for units or hourly pay. | Checked 2026-09-26: now watched with render_js - the page is client-rendered and yields 1,264 chars in the browser.",curis,2026-10-10T13:51:10+00:00,,742f83681af8e59a2433c9669f0d6c50efc110cc0b14f5a9240b51002085cfb9,unknown,,false
Stanford-only,Stanford SURIM,https://mathematics.stanford.edu/,Deadline ~Feb 26,Stanford undergrads with proof-writing coursework,YES,"8 weeks, $8,500 + up to $1,500 need-based. Needs MATH 56/61CM/61DM/110/113/115 first, and 2 letters (1 from Stanford Math). | Checked 2026-09-26: SURIM has its own page at surim.stanford.edu/apply-surim, which is watched; the listed mathematics.stanford.edu is kept.",surim-apply,2026-10-10T13:51:10+00:00,,523c63414073ee33eb92efb6d4a21165eac5449bdef3258efa429fdd71b923ec,unknown,,false
Stanford-only,Stanford SymSys Summer Internships,https://symsys.stanford.edu/opportunities/research/summer-undergraduate-research-symbolic-systems,Priority Feb 18; opens to non-majors Mar 9,Stanford undergrads,YES,"$8,500 + up to $1,500. A real backdoor if funds remain after the priority window. | Corrected 2026-10-08: website was the department homepage https://symsys.stanford.edu/; the programme page is /opportunities/research/summer-undergraduate-research-symbolic-systems (the older /opportunitiesresearch/summer-internship-program path redirects there), now watched by symsys-summer. It says: 'Only Stanford University undergraduates may apply. Priority is given to students who have declared a major in Symbolic Systems.' 2026 priority period ran Feb 18 - Mar 9; after Mar 9 internships 'may be offered to any current undergraduate who meets VPUE eligibility criteria, if funds are still available.'",symsys-summer,2026-10-10T13:51:10+00:00,,3b7bcf43a0172952aa50d25c1337ab7318ffbda8b58b9d37169116c38b5e08a4,unknown,,false
Stanford-only,Stanford VPUE Major Grant,https://undergradresearch.stanford.edu/,"Faculty mentor letter due Mar 8, 2027",Priority to juniors,LATER,"$8,500 full-time summer. No GPA requirement.",,,,,unknown,,false
Stanford-only,Stanford VPUE Faculty / Departmental Grants,https://undergradresearch.stanford.edu/,Faculty Feb 15; Departmental Oct 31,Any Stanford undergrad,YES,THE right entry point for a freshman - a professor applies on the student's behalf. VPUE calls these 'good starting points'.,,,,,unknown,,false
Stanford-only,Stanford VPUE Small Grants,https://undergradresearch.stanford.edu/,Quarterly deadlines,Any Stanford undergrad,YES,"Part-time, year-round. Good way to start something this winter.",,,,,unknown,,false
Stanford-only,Stanford Directed Reading Program (math),https://mathdrp.stanford.edu/,Start of each quarter,"Any Stanford undergrad, any major",YES,"Quarter with a grad-student mentor, ends in a colloquium talk. Near-zero barrier and the cheapest route to a SURIM letter. | Corrected 2026-10-08: website was the department homepage https://mathematics.stanford.edu/; the programme's own site is https://mathdrp.stanford.edu/, now watched by math-drp. 'We welcome applications from all Stanford undergraduates interested in mathematics'; one application per quarter (Fall 2026 was due Monday September 28).",math-drp,2026-10-10T13:51:10+00:00,,a05d036dfccf9c6912b038cc1bced7f3e404d115cb9a862e595f79492dc87f5c,unknown,,false
Stanford-only,Stanford CS Section Leading (106A/B),https://cs198.stanford.edu/,Each quarter,After taking 106A/106B,YES,"Paid, prestigious, sophomores routinely hold it. Take the courses this year to qualify.",,,,,unknown,,false
Stanford-only,Traders @ Stanford / Quant Gym,https://www.stanfordacm.org/quantGym,Fall,Any Stanford undergrad,YES,JOIN IN WEEK ONE. Nearly every competition on this sheet is team-based and university-affiliated; this is where teams and invites form.,,,,,unknown,,false
Stanford-only,Stanford Finance,https://www.stanfordfinance.stanford.edu/,Fall,Any Stanford undergrad,YES,"Workshop series, networking, 1:1 officer mentorship.",,,,,unknown,,false
Stanford-only,Stanford opportunity portal (SOLO),https://solo.stanford.edu/,Always open,Any Stanford student,YES,Aggregates all of the above.,,2026-10-10T13:51:10+00:00,,,unknown,,false
Conference / other,Princeton Quant Trading Conference,https://www.princeton.edu/,Fall (at IIT) and spring (at Princeton),Students,YES,"Networking value, low signal value. Pick at most one conference.",,,,,unknown,,false
Conference / other,Columbia Future of Portfolio Management Conference,https://www.columbia.edu/,Check site,Students,YES,,,,,,unknown,,false
Conference / other,Quaint Quant Conference (UT Dallas),https://www.utdallas.edu/,Check site,Students,YES,,,,,,unknown,,false
Conference / other,4th Quantitative Finance Conference USA (NYC),Check organiser site,Check site,Open registration,YES,,,,,,unknown,,false
Conference / other,QuantVision (Fordham),https://www.fordham.edu/,Check site,Open registration,YES,,,,,,unknown,,false
Conference / other,Urban Initiative Traders Poker Tournament,Check organiser site,Check site,Students,YES,,,,,,unknown,,false
Conference / other,Tapia Conference,https://tapiaconference.cmd-it.org/,Spring,"Open, but serves underrepresented groups in computing",LOW VALUE,Open to attend; low relative value for a first-year.,,,,,unknown,,false
Conference / other,JPMorgan Code for Good,https://careers.jpmorgan.com/,Fall,VERIFY - historically broader across years,CHECK,Some Data for Good editions have been HBCU-specific. Check the specific posting.,,,,,unknown,,false
Conference / other,JPMorgan Data for Good Hackathon,https://careers.jpmorgan.com/,Jul-Aug,Graduating Dec 2027 - Aug 2028,NO,That is a junior-year window; a first-year does not qualify.,,,,,unknown,,false
Conference / other,JPM Quantitative Research Virtual Experience (Forage),https://www.theforage.com/,Always open,Anyone,YES,"Free, self-paced, no gate. Low signal but zero cost.",,,,,unknown,,false
Local (St. Louis),NISA Investment Advisors - Intern,https://careers.nisa.com/early-careers,Fall-winter,Prefers Winter 2026 / Spring 2027 grads,APPLIED - too early,"Clayton MO, 10 min from home. Real quant work: Monte Carlo, regression, proprietary modelling. Reapply each cycle.",,,,,unknown,,false
Local (St. Louis),Stifel - Institutional Group Internship,https://www.stifel.com/careers/internships,"~Nov, rolling per office/desk",Juniors,LATER,"9-10 weeks, St. Louis HQ. Prior cycle opened Nov 16.",,,,,unknown,,false
Local (St. Louis),Edward Jones Internship,https://careers.edwardjones.com/career-areas/students-and-recent-grads/,Fall,Juniors,LATER,"10-week program, St. Louis or Tempe.",,,,,unknown,,false
Local (St. Louis),Regional firms to cold-email,n/a,Sep and Jan,No structured freshman programs,YES,"Kennedy Capital, Argent Capital, Confluence, Moneta, Advantage Capital, Guggenheim STL, RGA; tech: Mastercard O'Fallon, Boeing Defense, WWT. Email a PM or quant research lead directly - no portal.",,,,,unknown,,false
Tracker / resource,NUFT 2027 Quant Internships,https://github.com/northwesternfintech/2027QuantInternships,Continuous,n/a,USE WEEKLY,47 firms. No class-year tags - use as a firm checklist and open each careers page yourself.,nuft-2027,2026-10-10T13:51:10+00:00,,f90903971b920280ad43ef8f506a9e2e56f224a999aaf8211cf31a4eda87bef2,unknown,,false
Tracker / resource,SimplifyJobs Summer 2027 Internships,https://github.com/SimplifyJobs/Summer2027-Internships,Continuous,n/a,LOW VALUE,"613 roles, 94 quant, but no class-year tagging and almost all target penultimate-year students.",simplify-2027,2026-10-10T13:51:10+00:00,2026-10-10T13:51:10+00:00,826b577fecaf22bbf65c9544168d1dd82dd44e910b60182e7014015b6c62f6e3,unknown,,false
Tracker / resource,underclassmen-opportunities (Cruz-Lopez),https://github.com/Jose-Gael-Cruz-Lopez/underclassmen-opportunities,Continuous,Freshman/sophomore,USE WEEKLY,"Better maintained than zapplyjobs, with open/closing-soon flags. Heavy on ambassador programs - filter hard.",underclassmen-cruz,2026-10-10T13:51:10+00:00,2026-10-06T14:25:47+00:00,9825a4080be5b83710d18831e519177abf270fe4990d866e180fe916c7b547c3,unknown,,false
Tracker / resource,zapplyjobs underclassmen-internships,https://github.com/zapplyjobs/underclassmen-internships,Continuous,Freshman/sophomore,STALE,"Right shape, but entries and links are out of date.",underclassmen-zapply,2026-10-10T13:51:10+00:00,2026-09-15T20:43:53+00:00,1f1887cdb2115241c55873db773039a5495f8440af9d0148b518fe01ffa1fc4f,unknown,,false
Tracker / resource,LuisaE/opportunities,https://github.com/LuisaE/opportunities,Continuous,Underclassmen,USE,,luisae,2026-10-10T13:51:10+00:00,,f737dc848c450aab59686ee975c09cc9532f8bb3bad23fe5a6197d73c2fcd745,unknown,,false
Tracker / resource,OpenQuant job board + newsletter,https://openquant.co/,Continuous,n/a,USE WEEKLY,Best-maintained source found. See openquant.co/blog/quantitative-finance-events-2026 for the events roundup.,,,,,unknown,,false
Tracker / resource,Duke Career Hub early-insight table,https://careerhub.students.duke.edu/,Continuous,First-year/sophomore,USE,Public list of early insight programs by target year.,,,,,unknown,,false
Tracker / resource,Yale 'Gorick's List' for quant trading,https://ocs.yale.edu/resources/goricks-list-4/,Continuous,n/a,USE,,,,,,unknown,,false
Competition,Kaggle Competitions (all active),https://www.kaggle.com/competitions,Rolling - always something open,Anyone with an account,YES,"Open entry, no class-year or identity gate, free. A public leaderboard placing is portable evidence for quant and ML applications. The listing page is a JS shell (39 characters of text), so polling needs the official Kaggle API with free credentials - see source kaggle-competitions.",kaggle-competitions,,,,open,2026-09-06,false
Competition,The Deck Game,https://thedeckgame.com/,Check site,Unknown,CHECK,"Landing page renders via JS and exposes ~28 characters of text; its sitemap lists only / and /about, so there is almost nothing to diff even with a browser. Manual check only - see the Manual Watch sheet.",thedeckgame,,,,unknown,2026-09-06,false
Competition,Harvard Undergraduate Trading Competition,https://www.huqt.com/,2026 - watch the site,Undergraduates,CHECK,"Undergraduate intercollegiate trading competition run by Harvard Undergraduate Quantitative Traders. The organisation rebranded: the article's link harvarduqt.com/competition 301-redirects to www.huqt.com/competition, which 404s. The live site is huqt.com and it has an Apply link. Christina Qi's 2026 quant competitions & events list (LinkedIn Pulse), read 2026-09-06. Class year and team format not published - verify before planning.",harvard-undergraduate-trading,2026-10-10T13:51:10+00:00,,ef9fc9b9318e7fb3b77d07dc231a71dfb5a7ba4d87511ec02da4b6dd33909ada,unknown,2026-09-06,false
Competition,Stevens High Frequency Trading Competition 2026,https://www.stevens.edu/page-basic/2026-stevens-high-frequency-trading-competition,2026 - dates on the page,Students,CHECK,"HFT-focused student competition at Stevens Institute (Hoboken NJ). Christina Qi's 2026 quant competitions & events list (LinkedIn Pulse), read 2026-09-06. Directly relevant to quant dev; verify class-year eligibility.",stevens-high-frequency-trading,2026-10-10T13:51:10+00:00,2026-09-25T12:50:11+00:00,6719b2608fc54b0cd475a3bec8eddd667a0640a47d368c62655d2344e22e2a66,unknown,2026-09-06,false
Quant firm program,IMC Launchpad (US),https://www.imc.com/us/careers/students-graduates/programs/launchpad,Check site,Students - verify class year,CHECK,"IMC's US student program - distinct from the EU Business Course and UK Masterclass, which are geography-excluded. Christina Qi's 2026 quant competitions & events list (LinkedIn Pulse), read 2026-09-06. Class year not published; verify.",imc-launchpad-us,2026-10-10T13:51:10+00:00,,74e3b917bfc2953522782bd394b0e392149cdc683ac6a8d3eb223d095317f826,unknown,2026-09-06,false
Quant firm program,Optiver FutureFocus Chicago 2026,https://optiver.com/recruitment-events/futurefocus-chicago,2026 - dates on the page,Students,CHECK,"Optiver's US (Chicago) student recruitment event. The other FutureFocus and Career Kickstarter events are ANZ, China, Singapore, India and Europe - see the consolidated non-US row. Christina Qi's 2026 quant competitions & events list (LinkedIn Pulse), read 2026-09-06.",optiver-futurefocus,,,,unknown,2026-09-06,false
Conference / other,HedgeWest SF Meetup Series,https://hedgewestsf.org/,Ongoing,Not specified,CHECK,"Quant/hedge-fund meetup series in San Francisco - one of the very few items in this article that is geographically local to Stanford. Christina Qi's 2026 quant competitions & events list (LinkedIn Pulse), read 2026-09-06. Verify whether undergraduates may attend.",hedgewest-sf-meetup-series,2026-10-10T13:51:10+00:00,,2bb9faef957b5b4e028c37084f7c639a91ae37b499fdbedde32aac91a55d488a,unknown,2026-09-06,false
Competition,IAQF Academic Paper Competition,https://www.iaqf.org/upcoming-events,Check site,Students - verify,CHECK,"International Association for Quantitative Finance paper competition. Christina Qi's 2026 quant competitions & events list (LinkedIn Pulse), read 2026-09-06. A paper is a slower but more durable credential than a trading competition; verify undergraduate eligibility.",iaqf-academic-paper-competition,2026-10-10T13:51:10+00:00,2026-10-10T13:51:10+00:00,77ba24c4ad1d8b1fa0465ee32d5ff183763e6a2684ad829796c59ca1a20eebcf,open,2026-09-06,false
Conference / other,Open Source Quantitative Finance Conference,https://osqf.org/,Check site,Not specified,CHECK,"Open-source quant finance conference, free per the article. Christina Qi's 2026 quant competitions & events list (LinkedIn Pulse), read 2026-09-06. Verify format and whether students may attend.",open-source-quantitative-finance,2026-10-10T13:51:10+00:00,,a3e05e05353a3351797d1cb622c95e6275066b2d13ceb9b48d17a9f2faac0bfc,unknown,2026-09-06,false
Competition,Bloomberg Global Trading Challenge,https://portal.bloombergforeducation.com/trading_challenges,TBA for 2026,Students,CHECK,"Bloomberg's student trading simulation. Christina Qi's 2026 quant competitions & events list (LinkedIn Pulse), read 2026-09-06. Cannot be monitored: robots.txt disallows this path and the page renders in JavaScript (23 chars of text).",,,,,unknown,2026-09-06,false
Competition,CME Group University Trading Challenge,https://www.cmegroup.com/events/university-trading-challenge.html,Check site,University students,CHECK,"CME's university trading challenge, typically a multi-week team futures competition. Christina Qi's 2026 quant competitions & events list (LinkedIn Pulse), read 2026-09-06. The page would not load for an automated client.",,,,,unknown,2026-09-06,false
Competition,Hull Tactical Market Prediction (Kaggle),https://www.kaggle.com/competitions/hull-tactical-market-prediction,Rolling - see Kaggle,Anyone with an account,CHECK,"A quant-sponsored Kaggle competition, distinct from the Jane Street one already tracked. Christina Qi's 2026 quant competitions & events list (LinkedIn Pulse), read 2026-09-06. Open entry, no class-year or identity gate.",,,,,unknown,2026-09-06,false
Competition,MITSUI & Co. Commodity Prediction Challenge (Kaggle),https://www.kaggle.com/competitions/mitsui-commodity-prediction-challenge,Rolling - see Kaggle,Anyone with an account,CHECK,"Commodity price prediction on Kaggle. Christina Qi's 2026 quant competitions & events list (LinkedIn Pulse), read 2026-09-06. Open entry.",,,,,unknown,2026-09-06,false
Competition,CFA Institute Research Challenge,https://www.cfainstitute.org/insights/events/research-challenge,2026 cycle,Students,CHECK,"Equity-research competition entered as a university-sponsored team, so entry runs through a Stanford team rather than individual application. Christina Qi's 2026 quant competitions & events list (LinkedIn Pulse), read 2026-09-06. Finance rather than quant, so weigh against the time cost.",,,,,unknown,2026-09-06,false
Competition,IICPC Codefest 2026,https://codefest.iicpc.com/,2026,Not specified,CHECK,"Coding competition listed among quant events. Christina Qi's 2026 quant competitions & events list (LinkedIn Pulse), read 2026-09-06. Almost no detail published and the page is nearly empty; low confidence this is worth time.",,,,,unknown,2026-09-06,false
Competition,Quantiacs Crypto Contest,https://quantiacs.com/,2026 contest cycles,Not specified,CHECK,"Algorithmic trading contest platform running periodic crypto contests. Christina Qi's 2026 quant competitions & events list (LinkedIn Pulse), read 2026-09-06. Open entry; treat as practice rather than a credential.",,,,,unknown,2026-09-06,false
Quant firm program,G-Research Spring into Quant Finance 2026,https://www.gresearch.com/events/spring-into-quant-finance-2026,Spring 2026,Students - verify,CHECK,"G-Research student event. Christina Qi's 2026 quant competitions & events list (LinkedIn Pulse), read 2026-09-06. G-Research is London-based, so confirm whether there is a US or virtual track before counting on it. Not probed.",,,,,unknown,2026-09-06,false
Quant firm program,IMC Women in Trading and Engineering,https://www.imc.com/ap/careers/students-graduates/programs/womens-talent,n/a,n/a,NO,"Ruled out by an identity gate: this program is for women. Christina Qi's 2026 quant competitions & events list (LinkedIn Pulse), read 2026-09-06. Listed here so it is not re-researched.",,,,,unknown,2026-09-06,false
Quant firm program,Optiver Career Kickstarter: Women in Tech,https://optiver.com/working-at-optiver/career-opportunities/8177160002,n/a,n/a,NO,"Ruled out by an identity gate: this program is for women. Christina Qi's 2026 quant competitions & events list (LinkedIn Pulse), read 2026-09-06. Listed here so it is not re-researched.",,,,,unknown,2026-09-06,false
Conference / other,Women in Quantitative Finance London Conference,https://www.wbstraining.com/events/london-wqf-conference,n/a,n/a,NO,"Ruled out by an identity gate: this program is for women. Christina Qi's 2026 quant competitions & events list (LinkedIn Pulse), read 2026-09-06. Listed here so it is not re-researched.",,,,,unknown,2026-09-06,false
Conference / other,Women in Quantitative Finance Americas Conference,https://www.wbstraining.com/events/wqfa,n/a,n/a,NO,"Ruled out by an identity gate: this program is for women. Christina Qi's 2026 quant competitions & events list (LinkedIn Pulse), read 2026-09-06. Listed here so it is not re-researched.",,,,,unknown,2026-09-06,false
Quant firm program,Optiver regional recruitment events (non-US),https://optiver.com/recruitment-events/,n/a,n/a,NO,"Consolidated row for the ANZ, China, Singapore, India, Amsterdam and Catalunya FutureFocus / Career Kickstarter / masterclass events. Ruled out on geography; the Chicago event is tracked separately. Christina Qi's 2026 quant competitions & events list (LinkedIn Pulse), read 2026-09-06.",,,,,unknown,2026-09-06,false
Quant firm program,D. E. Shaw London Insight Programme,https://campus.deshaw.com/additional-experiences,n/a,n/a,NO,"Ruled out on geography - London. Christina Qi's 2026 quant competitions & events list (LinkedIn Pulse), read 2026-09-06. | Checked 2026-09-26: campus.deshaw.com/additional-experiences now redirects to the campus root (which lists London Insight as closed). Kept.",,,,,unknown,2026-09-06,false
Quant firm program,IMC EU Business Course,https://www.imc.com/eu/careers/students-graduates/programs/business-course,n/a,n/a,NO,"Ruled out on geography - EU. The US Launchpad program is tracked separately. Christina Qi's 2026 quant competitions & events list (LinkedIn Pulse), read 2026-09-06.",,,,,unknown,2026-09-06,false
Conference / other,Bank of America APAC Quant Conference,https://www.bofa.com/,n/a,n/a,NO,"Ruled out on geography - APAC, May 20 2026. Christina Qi's 2026 quant competitions & events list (LinkedIn Pulse), read 2026-09-06.",,,,,unknown,2026-09-06,false
Competition,Global Crypto Quant Competition and Digital Asset Forum Hong Kong 2026,https://en.tmtpost.com/post/7752441,n/a,n/a,NO,"Ruled out on geography - Hong Kong. Christina Qi's 2026 quant competitions & events list (LinkedIn Pulse), read 2026-09-06.",,,,,unknown,2026-09-06,false
Competition,KNHack 2026 Research Challenge (Mexico),https://kaxanuk.mx/kn-hack,n/a,n/a,NO,"Ruled out on geography - Mexico. Christina Qi's 2026 quant competitions & events list (LinkedIn Pulse), read 2026-09-06.",,,,,unknown,2026-09-06,false
Conference / other,"Databento partner quant events (Shanghai, London)",https://databento.com/,n/a,n/a,NO,"Consolidated row for the Databento events with Nasdaq/Bank of America (Shanghai, May 21 2026), Google (London, June 2026) and Man Group (London, June 2026). Ruled out on geography. Christina Qi's 2026 quant competitions & events list (LinkedIn Pulse), read 2026-09-06.",,,,,unknown,2026-09-06,false
Competition,Wharton Global High School Investment Competition,https://globalyouth.wharton.upenn.edu/competitions/investment-competition,n/a,n/a,NO,"Ruled out on stage - high school students only. Christina Qi's 2026 quant competitions & events list (LinkedIn Pulse), read 2026-09-06.",,,,,unknown,2026-09-06,false
Conference / other,CQA Young Professionals Event,https://cqa.org/upcoming-events-cqa-young-professional,n/a,n/a,NO,"Ruled out on stage - for working professionals, not undergraduates. Christina Qi's 2026 quant competitions & events list (LinkedIn Pulse), read 2026-09-06.",,,,,unknown,2026-09-06,false
Conference / other,Battle of the Quants (NYC spring / London fall 2026),https://battleofthequants.com/new-york-city-2026,Check site,Not specified,LOW VALUE,"Industry conference for allocators and fund managers rather than a student event; typically paid admission. Christina Qi's 2026 quant competitions & events list (LinkedIn Pulse), read 2026-09-06.",,,,,unknown,2026-09-06,false
Conference / other,CMF Select New York 2026,https://global-cmf.com/cmfselectnewyork2026,Check site,Not specified,LOW VALUE,"Industry conference, not a student program. Christina Qi's 2026 quant competitions & events list (LinkedIn Pulse), read 2026-09-06.",,,,,unknown,2026-09-06,false
Conference / other,FutureAlpha / QuantStrats 2026,https://www.alphaevents.com/events-futurealphaglobal,Check site,Not specified,LOW VALUE,"Industry conference, not a student program. Christina Qi's 2026 quant competitions & events list (LinkedIn Pulse), read 2026-09-06.",,,,,unknown,2026-09-06,false
Competition,Quant Tekel QT Funded Elite Trader Competition,https://qtfunded.quanttekel.com/online-trading-championship,Check site,Not specified,LOW VALUE,"A funded-trader / prop-firm style online championship. These are generally marketing funnels for paid evaluations rather than recruiting credentials - weak signal relative to the time. Christina Qi's 2026 quant competitions & events list (LinkedIn Pulse), read 2026-09-06.",,,,,unknown,2026-09-06,false
Conference / other,QWAFAFEW / QWAFAxNEW chapters,https://www.qwafafew.org/,Check site,Not specified,LOW VALUE,"Professional quant networking chapters. Open but aimed at practitioners; low signal for a first-year, though a local chapter could be worth one visit. Christina Qi's 2026 quant competitions & events list (LinkedIn Pulse), read 2026-09-06.",,,,,unknown,2026-09-06,false
Competition,Limex Challenge,https://challenges.limex.com/,Check site,Not specified,LOW VALUE,"Retail-facing algorithmic trading challenge platform. Not probed; low expected signal. Christina Qi's 2026 quant competitions & events list (LinkedIn Pulse), read 2026-09-06.",,,,,unknown,2026-09-06,false
Competition,Quantegies Global Quant Competition,https://quantegies.com/,Check site,Not specified,LOW VALUE,"Little published detail and not probed during ingest; unclear whether it is a recruiting-relevant competition. Christina Qi's 2026 quant competitions & events list (LinkedIn Pulse), read 2026-09-06.",,,,,unknown,2026-09-06,false
Conference / other,Future Investment Manager Academy (FIMA),https://fima.partners/,Check site,Not specified,LOW VALUE,"Not probed during ingest; unclear format and eligibility. Christina Qi's 2026 quant competitions & events list (LinkedIn Pulse), read 2026-09-06.",,,,,unknown,2026-09-06,false
Competition,MIT Battlecode 2027,https://battlecode.org/,"Register ~early Jan 2027; season runs all January, ends ~Jan 31",Any undergrad year,CHECK,"MIT's real-time strategy AI competition: you write an autonomous player that commands a robot army, then compete in scrimmages and bracketed tournaments over January. Over $20,000 in total prize money. Open beyond MIT - 'Anyone can write a bot, create a team, and participate in scrimmage matches/rankings.' Prize-tournament gates from the Full Eligibility Rules (battlecode.org/about.html): Sprint Tournaments - 'All teams are eligible.' US Qualifier - 'Teams must consist entirely of US college students studying full-time, or in a transition phase.' Final Tournament - 'Teams must have qualified via the US or International Qualifier.' MIT Newbie Tournament is MIT-only and High School Tournament is high-school-only, so neither applies. Unlike MIT Pokerbots, no MIT-affiliated teammate or MIT certificate is needed for the track you would enter. As of Sep 2026 the site still reads 'Battlecode 2026 ended on January 31st, 2026!' - no 2027 registration date posted yet, though the page already references Battlecode 2027 sponsorships. No team size limit, age limit, or citizenship rule beyond 'US college student' was stated on the pages read. Source: battlecode.org home page and about.html.",mit-battlecode-2027,2026-10-10T13:51:10+00:00,,3124fc1887303e571edec4a48ff382f81bc987eee7f99c2c2a097ba5bbc79ba4,unknown,2026-09-06,false
Quant firm program,Morgan Stanley Campus - Global Programs board,https://morganstanley.tal.net/vx/candidate/jobboard/vacancy/1/adv/,Rolling by programme; the 2027 summer cycle closes Sep-Oct 2026,"1st-4th year, varies by programme",CHECK,"Morgan Stanley's whole campus board, on Talentlink (morganstanley.tal.net) - 125 programmes, 31 in the United States, with business-unit facets including Quantitative Finance (8), Technology (12) and Investment Management (14). Found 2026-09-18 while resolving a pasted posting link. IMPORTANT, the obvious URL is the wrong one: www.morganstanley.com/careers/career-opportunities-search sits behind an Akamai WAF that resets the connection for paths.USER_AGENT and returns HTTP 200 with 134KB to a spoofed Chrome string - same machine, same IP, so the block is User-Agent based and it is the Citadel case, reachable only by misrepresenting the client. Do not re-point a source at it. Morgan Stanley's OTHER board, morganstanley.eightfold.ai, is reachable honestly via /api/pcsx/search but is deliberately NOT watched: it carries 1,327 corporate roles, caps page size at 10 (about 133 requests a day), and a query for 'Sophomore' or 'Freshman' returns zero - the campus programmes are not on it. Probed 2026-09-18: 9,660 chars of visible text, ratio 0.063, allowed by robots.txt (crawl-delay 10; the named-bot block covers ClaudeBot/GPTBot, not this tracker's own UA), no redirect. RETIRED 2026-09-21: this board is no longer watched. It failed on consecutive runs returning only ~350 characters because the Talentlink page renders its listings in JavaScript, and there is no honest route to the same content -- www.morganstanley.com refuses this tracker's User-Agent (the Citadel case) and morganstanley.eightfold.ai does not carry the campus programmes. source_id cleared, so this row is the owner's to check by hand.",,,,,unknown,2026-09-19,false
Quant firm program,Morgan Stanley Investment Management Sophomore Summer Analyst Program - Private Credit & Equity (New York),https://morganstanley.tal.net/vx/candidate/jobboard/vacancy/1/adv/?ftq=Sophomore,2027 cycle closed Sep 25 2026; expect the 2028 cycle to open around Aug-Sep 2027,Sophomore - 2027 cycle wanted graduation Dec 2028-Jun 2029,LATER,"Right programme, wrong year. The 2027 edition states applicants must 'graduate between December 2028 and June 2029', which is the class of 2029 - a class of 2030 student is a year early. The 2028 edition should target Dec 2029-Jun 2030 and is the one to apply to. Ten weeks from June 2027, New York, on the MSIM Tactical Value team; $36.06/hr. The 2027 deadline was Sep 25 2026 11:55pm ET with a HireVue due Sep 27. Added 2026-09-18 from a pasted link. The website column points at the campus board's keyword search rather than the requisition URL, which dies when the req closes; ?ftq=Sophomore returned exactly this one posting on 2026-09-18. Eligibility read from the reposted job description, not from morganstanley.com, which refuses this tracker's User-Agent - worth re-reading by hand before the 2028 cycle.",,,,,unknown,2026-09-19,false
Quant firm program,Jane Street Preview,https://www.janestreet.com/join-jane-street/programs-and-events/preview/,Not stated - page offers 'sign up to be notified',Any year,CHECK,Verified 2026-09-26 (source research): day-long programme 'for students at any point in their academic career'. One of the 12 programmes on the watched janestreet-programs index; this watches its own page.,janestreet-preview,2026-10-10T13:51:10+00:00,,4c5a3461a95ddf3903873a587dcac55abdb7a3d0b170c7b92eb08744f3850e2c,unknown,2026-09-26,false
Quant firm program,D. E. Shaw campus site,https://campus.deshaw.com/,Recommends applying by the end of the previous calendar year,Undergraduate and graduate,CHECK,Verified 2026-09-26: internships for 'undergraduate and graduate students'. The fellowship rows' campus.deshaw.com/fellowships URL now redirects here; this page is watched so a returning fellowship shows up.,deshaw-campus,2026-10-10T13:51:10+00:00,2026-10-09T14:37:00+00:00,650a293414a2ed55794add852584991215842908be7f45aa94b52cc7616e798a,unknown,2026-09-26,false
Tech internship,Capital One Analyst / Tech / Product Summits,https://www.capitalonecareers.com/get-ahead-with-early-career-programs-for-students,Summits held May / Aug / Jan,First-years and sophomores,CHECK,Verified 2026-09-26: Analyst Summit 'First-year students or sophomores pursuing a quantitative/STEM major'; Tech Summit 'Sophomores with beginner coding experience'. Separate from the Capital One TEIP row.,capitalone-early-career,2026-10-10T13:51:10+00:00,2026-10-10T13:51:10+00:00,c6428ad2e363473f019e0d99586e6f8557f8e6aa31b3ab110f475e98f64e9fea,unknown,2026-09-26,false
Conference / other,Bank of America campus events (Early Insights),https://bankcampuscareers.tal.net/vx/mobile-0/candidate/jobboard/vacancy/2/feed,Forum in Feb; selections early Jan,2026 Global Tech Early Insights Forum: graduating Dec 2028 - Dec 2029,CHECK,"Verified 2026-09-26: Oleeo (tal.net) Atom feed of campus events, 18 entries, answers the honest User-Agent. Also available: vacancy/1/feed (152 entries) and a JSON API at careers.bankofamerica.com/services/campusjobssearchservlet.",bofa-campus-events,2026-10-10T13:51:10+00:00,2026-10-09T14:37:00+00:00,eb6c71808c83546daa05541541be631063ae1c3125608d710c8796264c76afae,unknown,2026-09-26,false
Conference / other,Jefferies campus opportunities,https://jefferies.tal.net/vx/mobile-0/candidate/jobboard/vacancy/2/feed,Per event,Per event (carries 'Class of 2029: Investment Banking Insight Day'),CHECK,"Verified 2026-09-26: Oleeo Atom feed, 60 entries. Banking is lower priority than quant.",jefferies-campus,2026-10-10T13:51:10+00:00,2026-10-08T14:49:47+00:00,31621a2b6fefbe0c71c3012ec1bb8a03440e9275391996e332e7d65886dce713,unknown,2026-09-26,false
Conference / other,Evercore student events,https://evercore.tal.net/vx/mobile-0/candidate/jobboard/vacancy/2/feed,Per event,Per event,CHECK,"Verified 2026-09-26: Oleeo Atom feed, 39 entries; vacancy/1/feed has 29 more. Some events are restricted-audience per the Simplify blog.",evercore-campus,2026-10-10T13:51:10+00:00,2026-10-10T13:51:10+00:00,5d3931b51d7fb11073b8907fc7cfa1e20083c39adf7a2ed8ff67d00713e6ba95,unknown,2026-09-26,false
Tech internship,SEO Tech Developer + First-Year Academy,https://tech.seo-usa.org/,Academy opened Nov 12 2025; next cycle presumably ~Nov 2026,First-Year Academy: first-year college students; Tech Developer: sophomores,CHECK,"Verified 2026-09-26: 'Enrolled as a sophomore'; the Academy is for 'first-year college students'. Page says 'All are welcome to apply'; SEO is a diversity organisation, so confirm eligibility by hand.",seo-tech,2026-10-10T13:51:10+00:00,2026-10-01T14:34:49+00:00,df4478e364469e012501b272d14012988789ead254e819798c2a695f556fb452,unknown,2026-09-26,false
Tech internship,Salesforce Futureforce Tech Launchpad (CodePath),https://info.codepath.org/futureforce-tech-launchpad,Due ~Feb 22; runs Jun-Aug,Completing sophomore year,LATER,Verified 2026-09-26: 'Students who will complete their sophomore year in Spring 2026' - so summer 2028 for a class of 2030.,futureforce-launchpad,2026-10-10T13:51:10+00:00,,73edfd3285614af3a49c4e8f9f5e98d7453d76a7d891a511e37c6ea492c212ee,unknown,2026-09-26,false
Tech internship,JPMorganChase Career.edYOU Academy,https://www.jpmorganchase.com/careers/explore-opportunities/programs/career-edyou,Not on page,Sophomores,LATER,Verified 2026-09-26: 'designed for college sophomores studying in the United States'.,jpmc-career-edyou,2026-10-10T13:51:10+00:00,,a6d6271efcfe395f03a4aff9fb76aeab50a662024ce46e25c9415caab60cf91e,unknown,2026-09-26,false
Tech internship,JPMC Fellowship Program,https://www.jpmorganchase.com/careers/explore-opportunities/programs/jpmcfellowship,Not on page,Sophomores,LATER,"Verified 2026-09-26: 'sophomore students, including, without limitation, Black, Hispanic and Latino... All sophomore students... regardless of background, are welcome'.",jpmc-fellowship,2026-10-10T13:51:10+00:00,,ddc9f99d2c78fc06635a68f693af7f2329f3044fb475438b931e0d5c9efabebb,unknown,2026-09-26,false
Research / math,MathPrograms.org programme listing,https://www.mathprograms.org/db/program,Math REUs post Dec-Feb,Varies by programme,CHECK,"Verified 2026-09-26: AMS-run application portal most math REUs use (UChicago, PCMI, Polymath Jr); already lists POLYMATHREU2027 and SLMath PROOF 2027. Substitutes for the NSF REU directory (AWS WAF challenge) and the AMS REU list (403), neither readable by this client.",mathprograms-listing,2026-10-10T13:51:10+00:00,2026-10-08T14:49:47+00:00,8eab33f6305b65fe1f19eaa8ea7b68e36a0809fc821a1d1994609db876cec98b,unknown,2026-09-26,false
Research / math,Summer@ICERM,https://icerm.brown.edu/summerug/,Programmes posted in the fall; deadline mid-February,'matriculating undergraduate students',CHECK,Verified 2026-09-26: 'Applicants must be matriculating undergraduate students'.,icerm-summer,2026-10-10T13:51:10+00:00,,21efd016dd596bd4b20dbd599343fc56d21bbeb3ace2feb3bfc27fbabfeecc94,unknown,2026-09-26,false
Research / math,SFI Undergraduate Complexity Research,https://www.santafe.edu/engage/learn/programs/undergraduate-complexity-research,Page says return in November 2026,Current undergraduates; no prior research needed,CHECK,Verified 2026-09-26: 'for current undergraduate students. Prior research experience is not required'; 'return to this page in November 2026'.,sfi-ucr,2026-10-10T13:51:10+00:00,2026-10-08T14:49:47+00:00,7cf156acfa8cf7fd013d37471de6869ee4faa3c303815e72a9863af6079fa69f,unknown,2026-09-26,false
Research / math,CRA DREU,https://cra.org/cra-wp/dreu/,General deadline ~Jan 31,"Undergraduates, incl. incoming; US citizens/residents",CHECK,Verified 2026-09-26: 'High school graduates who have been accepted ... are also eligible'; priority to CS majors. Large page (94K chars).,cra-dreu,2026-10-10T13:51:10+00:00,2026-10-09T14:37:00+00:00,e386a49fc405e8f0578ce0070f1916df213f95355fa7210de1fe27beac7d0f97,open,2026-09-26,false
Competition,COMAP MCM/ICM,https://www.contest.comap.com/undergraduate/contests/,Contest late Jan - early Feb; register through a faculty advisor,High school and college undergraduates,CHECK,Verified 2026-09-26: 'high school students and college undergraduates'; 2027 contest 28 Jan - 1 Feb.,comap-mcm,2026-10-10T13:51:10+00:00,,9448cdb3daf769c8eeb2bf70da4c8db29a4901632a750fc044b6619c7e210c61,unknown,2026-09-26,false
Stanford-only,Stanford Pre-Collegiate Studies jobs (SUMaC RC / TA),https://spcs.stanford.edu/jobs,Rolling,'approximately 30 degree-seeking credits',CHECK,"Verified 2026-09-26: RC posting needs 'completion of approximately 30 degree-seeking credits ... majoring in mathematics or ... advanced coursework' - probably met by spring of first year, confirm by hand. The Instructional Assistant posting returned 403.",spcs-jobs,2026-09-30T13:45:29+00:00,,,unknown,2026-09-26,false
Competition,TreeHacks,https://treehacks.com/,Event Feb 12-14 2027; Stanford priority deadline,Any enrolled college student,CHECK,Verified 2026-09-26: 'open to any enrolled college student'; Stanford students get priority by the priority deadline.,treehacks,2026-10-10T13:51:10+00:00,2026-10-10T13:51:10+00:00,abdcb5c9c9ba2fec3bbc78a104a53261117b2fc19cc2510708187da1cc60737f,unknown,2026-09-26,false
Research / math,DIMACS REU,https://dimacs.rutgers.edu/reu-main,2027 portal opens by end of December 2026,'We do not usually admit freshmen',LATER,Verified 2026-09-26: 'We do not usually admit freshmen' - watch for sophomore year.,dimacs-reu,2026-10-10T13:51:10+00:00,,9c59401737e475f5593a4805dbaf3844fcd070e965b229f7c128ebf03ad82dd3,unknown,2026-09-26,false
Competition,Meta Hacker Cup,https://www.facebook.com/codingcompetitions/hacker-cup,Registration opened Oct 3 in 2025,Open to participants around the world,CHECK,"Verified 2026-09-26: 'Open to participants around the world'. Page still shows the 2025 season. JavaScript page: 15 chars plain, 1,485 rendered.",meta-hacker-cup,2026-10-10T13:51:10+00:00,2026-10-07T14:42:32+00:00,9dc659d5a1fe3b03e2ee07ac61ff49350faf5a66cf12f7e0d9c141c6ecc1c17d,unknown,2026-09-26,false
Conference / other,SMART Scholarship,https://www.smartscholarship.org/smart,Aug 1 - first Friday in December,"Bachelor's, master's and doctoral students",CHECK,Verified 2026-09-26: scholarship-for-service - requires civilian employment with the Department of War after graduation. 'open annually from August 1 to the first Friday in December'.,smart-scholarship,2026-10-10T13:51:10+00:00,,a5c5f1014a957be1d61b27db1794ea116653efeda54c46676b66036e830a42de,unknown,2026-09-26,false
Tech internship,Bloomberg First Year Insights,https://www.bloomberg.com/company/careers/,Check site,First-years (unverified),CHECK,Found 2026-09-26 on university early-insight lists. Every bloomberg.com/company path returns 403 to this client; bloomberg.avature.net is the experienced-hire board with no student postings.,,,,,unknown,2026-09-26,false
Tech internship,Wells Fargo Sophomore Experience,https://talent.wellsfargojobs.com/flows/sdfp2026,Check site,Sophomores,LATER,Found 2026-09-26; formerly the Sophomore Discovery Fellowship. The flow URL returns 403 to this client and the undergraduate programmes page carries no programme text.,,,,,unknown,2026-09-26,false
Conference / other,Goldman Sachs Possibilities Summits,https://higher.gs.com/campus,Check site,Varies by summit,CHECK,Found 2026-09-26. Restricted to specific underrepresented groups - confirm by hand. higher.gs.com/campus is a JavaScript shell (29 chars) and the programme URLs guessed from lists 404.,,,,,unknown,2026-09-26,false
Competition,SCUDEM XI 2026,https://www.contest.comap.com/scudem/index.html,Challenge Oct 16 - Nov 10 2026; register now ($100/team),Any undergrad year (teams of 3 + coach),YES,Verified 2026-09-30: COMAP's differential-equations modelling challenge. FAQ: 'open to teams of 3 undergraduate or high school students. Each team must have a coach (typically a faculty member or instructor).' Ends in a 10-minute video judged by at least 3 judges. Needs a faculty coach.,scudem,,,,unknown,2026-09-30,false
Stanford-only,CS+Social Good Summer Fellowships,https://cardinalservice.stanford.edu/opportunities/cssocial-good-summer-fellowships,Early round ~Nov 10 (2026 round closed 2025-11-10); regular round winter,1st-3rd year,YES,"Verified 2026-09-30 from the 2026 SOLO listing: 'enrolled as a first-year, sophomore, or junior ... must have completed CS 106B by the end of Spring Quarter.' $7,000 base stipend, full-time summer with a tech-for-good partner. Cardinal Quarter.",cs-social-good-fellowships,2026-10-10T13:51:10+00:00,,ed6a8a02b232ac5df3e78f4adc828102781b429393e70e9539a73a394f26641f,unknown,2026-09-30,false
Quant firm program,Two Sigma New Seekers Summit,https://www.twosigma.com/new-seekers-summit/,Not on page (interndock lists Fall),1st & 2nd year,YES,"Verified 2026-09-30: 'gives first-and second-year undergraduates the opportunity to delve into the world of Data Scientists and Quantitative Researchers.' QR seminars, networking, interview prep. www.twosigma.com is WP Engine, which 403s the Actions runner, so it is not watched as page_text; the posting should appear on twosigma-campus (Avature).",twosigma-campus,,,,unknown,2026-09-30,false
Quant firm program,Jump Trading Campus Jump Early Access,https://www.jumptrading.com/hr/students-new-grads,"~Feb-Apr (2026: CV due Apr 5, event Apr 17)",1st year,YES,"Verified 2026-09-30 from the 2026 posting: 'First-year undergraduates at US universities' in math/CS/physics/stats/engineering/econ. One-day programme in Chicago, travel/meals/lodging covered. Posts on the Greenhouse board watched by jumptrading-greenhouse; not live today.",jumptrading-greenhouse,,,,unknown,2026-09-30,false
Quant firm program,KKR Scholars Program,https://www.kkr.com/careers/student-careers/student-career-opportunities,"~Feb-Mar (2025: apply by Mar 23; programme May 27-30, NYC)",1st year (rising sophomores),YES,"2025 posting: 'rising sophomores graduating with a Bachelor's degree in December 2027 – June 2028'. The 2027 edition should be Dec 2029-Jun 2030, the owner's window. Late-May dates may clash with Stanford spring quarter. Posts on KKR's Greenhouse board, slug 'staged'.",kkr-greenhouse,,,,unknown,2026-09-30,false
Conference / other,BNY Freshman Jumpstart,https://www.bny.com/corporate/global/en/about-us/careers/students/pre-internship.html,Registration opens Jan 11 2027; programme Jul 13-14 2027 (virtual),1st year,YES,"Verified 2026-09-30: 'Undergraduate first-year students ... with an expected graduation date of December 2029 or May 2030.' Two virtual half-days, business & corporate functions track. Low effort, low depth.",bny-pre-internship,2026-10-10T13:51:10+00:00,,ed25df8df719b00e7c8b065ffff68395992cf4e1dde158b1213ced16889c3965,unknown,2026-09-30,false
Conference / other,Citi Freshman Discovery,https://jobs.citi.com/early-career-programs-pre-internships,Applications late Mar / early Apr; programme in May (virtual),1st year,YES,"Verified 2026-09-30: 'All first-year students in a four-year bachelor's degree program from a US accredited institution, regardless of major.' 3-day virtual introduction to financial services.",citi-pre-internships,2026-10-10T13:51:10+00:00,,19fab800776b7c2cb44522f479ef68fc38d89692f4288a4f9a96b46ab7cdee96,unknown,2026-09-30,false
Research / math,NIST SURF,https://www.nist.gov/surf,Opens on USAJobs ~mid-Oct 2026; due ~end of Jan 2027,Any undergrad year (US citizen/PR),YES,"Verified 2026-09-30: 'only open to U.S. citizens and U.S. permanent residents enrolled as undergraduate students at U.S. colleges or universities'; states no class-year minimum. 11 weeks, $710/week plus lodging/travel allowance. Information Technology Lab has math/CS/ML projects.",nist-surf,2026-10-10T13:51:10+00:00,2026-10-03T12:42:39+00:00,90a85363c454b0894939ab271ef928998ece74001cf74e1c6ccfa44ff72cfc6c,unknown,2026-09-30,false
Tech internship,Kleiner Perkins Engineering Fellows,https://www.kleinerperkins.com/fellows/,Rolling; final deadline Jan 31 2027,No class year stated,CHECK,"Verified 2026-09-30 from the Ashby posting: no class-year gate; wants 'Degree in computer science, engineering, math, physics or other fields related to software engineering' and Bay Area availability. Summer placement at a KP portfolio startup plus speaker series. Selective, and cohorts skew upperclass.",kleinerperkins-fellows-ashby,,,,unknown,2026-09-30,false
Stanford-only,Stanford DataSURF (formerly SURP-Stats),https://datasciencemajor.stanford.edu/research-impact/data-science-undergraduate-research-focus,~early Feb (2026 deadline Feb 8),Any Stanford undergrad with prereqs,YES,"Verified 2026-09-30: 'Stanford undergraduate students from any department who meet the prerequisites are encouraged to apply' (examples: STATS 60, MATH 51-53, CS 106A/B). 10 weeks, $8,500 stipend plus need-based supplement.",datasurf,,,,unknown,2026-09-30,false
Stanford-only,SIEPR Summer Undergraduate Research Fellows,https://siepr.stanford.edu/programs/undergraduate-student-opportunities/undergraduate-research-fellows-program/siepr-summer,Not on page (winter quarter typical),Any Stanford undergrad,YES,"Verified 2026-09-30: 'Participants must be current Stanford undergraduates during the summer quarter.' 10 weeks, $8,500, economic-policy research RA with SIEPR faculty. | Checked 2026-10-08: page unchanged in substance; now watched by siepr-ugrf-summer.",siepr-ugrf-summer,2026-10-10T13:51:10+00:00,,86c7e948b3264fe37a0c5409975f8fec1eea4f0ff8f9c01b11bb08ebada1876d,unknown,2026-09-30,false
Stanford-only,SIEPR Undergraduate Research Fellows (academic year),https://siepr.stanford.edu/programs/undergraduate-student-opportunities/undergraduate-research-fellows-program/academic-year,"Rolling, one cycle per quarter (Autumn 2026 open now)",Any Stanford undergrad (SOLO: Freshman-Junior),YES,"Verified 2026-10-08: 'UGRFs must be enrolled as full-time undergraduate students at Stanford.' SOLO's listing 'SIEPR Undergraduate Research Program AY 2026-2027' says Deadline: Rolling deadline, Open To: Freshman, Sophomore, Junior. Part-time RA on posted economic-policy faculty projects, paid via payroll 'for up to 15 hours a week'. Online application with current course list, resume and cover letter. 'Applications for 2026 Autumn quarter are now open'; the Autumn programme runs September 22 to December 4, 2026.",siepr-ugrf-academic-year,2026-10-10T13:51:10+00:00,,66a0661a0966c676dd7d1d601a9d41ac34dadac9991081817d728bef6a5ab33e,unknown,2026-10-08,false
Stanford-only,Stanford MS&E Summer REU,https://msande.stanford.edu/research-impact/mse-student-research/research-experience-undergraduates,Jan 15 - Feb 15 each year; matched by mid-March,Any Stanford undergrad,CHECK,"Verified 2026-10-08: 'current Stanford undergraduate students are matched with participating MS&E faculty members and PhD students'; no class year stated. '10 weeks of research', paid full time. 'Applications for the summer REU program are available each year between January 15 and February 15, with the goal of matching students to faculty mentors by mid-March.' Application form requires a Stanford login.",msande-reu,2026-10-10T13:51:10+00:00,,81a8cc3894d31d1c48ec96e11198fcb9bc26f93e549242b13ab98d9048060022,unknown,2026-10-08,false
Stanford-only,Stanford MS&E Academic-Year REU,https://msandepro.stanford.edu/academic-year-research-experience-undergraduates,A few weeks before each quarter; due the night before the quarter starts,Any STEM-inclined Stanford undergrad,CHECK,"Verified 2026-10-08: 'research opportunities to students from any STEM-inclined major at Stanford during the academic year (Fall, Winter, and Spring quarters)'. Paired with an MS&E faculty or PhD mentor for independent-study course credit, not pay. 'The application for the REU (Academic Year) is typically open a few weeks prior to each quarter and the deadline would be the night before the first day of the quarter.'",msande-ay-reu,2026-10-10T13:51:10+00:00,,72d03b08d589492cd60f3d2986f1260cea965b3cfe6de216375d328caf7c6aea,unknown,2026-10-08,false
Stanford-only,Stanford Physics / Applied Physics / SLAC Summer Research Program,https://physics.stanford.edu/undergraduate/undergraduate-research,"Two parts, ~mid-Jan and ~late Feb (2026: Jan 16 and Feb 20)","Freshmen, sophomores, juniors",CHECK,"Verified 2026-10-08: 'We accept applications from current freshmen, sophomores, and juniors.' Gate: Fellowships go to 'Stanford undergraduate Physics and Engineering Physics majors, plus undeclared first-year students who are considering Physics/Engineering Physics as a major'. 'For beginning students, research experience is not required.' Base stipend $8,500 plus need-based supplement up to $1,500, ten weeks. Applicant finds a faculty mentor; 2026 Part 1 was due noon Jan 16, Part 2 Feb 20.",physics-surp,2026-10-10T13:51:10+00:00,,9ad1b81208e9662d9d0b011457b245be0df7486d3a66e613119d2e03034a8099,unknown,2026-10-08,false
Stanford-only,King Center Summer Undergraduate Research Fellows,https://kingcenter.stanford.edu/opportunities/undergraduate-students/summer-full-time-undergraduate-research-fellow-program,Projects posted Feb 2027; deadline late Winter 2027,Any Stanford undergrad,CHECK,"Verified 2026-10-08: 'The program is open to matriculated Stanford undergraduates who will be registered in the autumn quarter following the fellowship.' Full-time summer research on development-economics faculty projects. 'Stipend: $8,500.' 'Summer 2027 opportunities will be posted in February 2027 and the deadline to apply will be in late Winter 2027.'",kingcenter-summer-rf,2026-10-10T13:51:10+00:00,,9bb41627f314ac00faea49ef02e861785d54dfbbd8be435221640cf6c998e7f5,unknown,2026-10-08,false
Stanford-only,King Center Academic-Year Part-Time Research Fellows,https://kingcenter.stanford.edu/opportunities/undergraduate-students/academic-year-part-time-undergraduate-research-fellow-program,"Programme deadline Sep 27, 2026; three SOLO projects due Oct 11, 2026",Freshman-Senior,YES,"Verified 2026-10-08: Three '2026-27 AY PT Research Fellowship' projects on SOLO, each 'Offered by King Center on Global Development', Deadline: October 11, 2026, Open To: Freshman, Sophomore, Junior, Senior: Political Economy of Representation ('large datasets and modern causal inference methods'), Women's Representation and Authority in Indian Politics ('big data and statistical analysis'), and Unintended Cost of Global Conservation ('Using data science'). Applications go through SOLO with a Stanford login. The programme page says: 'Work 8-10 hours per week during the academic year (autumn, winter, and spring quarters)', 'Receive $19 per hour', 'Be enrolled as a Stanford undergraduate student throughout the appointment', and 'The application deadline for AY2026-27 is Sunday, September 27, 11:59 PM' - the three SOLO projects above carry the later Oct 11 date. No source_id on purpose: the projects are posted on SOLO, and solo-freshman-research is on Pantheon and untested from the Actions runner, so a source that cannot fetch must not mark this row covered. Set source_id=solo-freshman-research once a scheduled run has fetched it.",,,,,unknown,2026-10-08,false
Stanford-only,Stanford HAI student research assistant positions,https://hai.stanford.edu/research/research-opportunities,Rolling,Stanford students,CHECK,"Verified 2026-10-08: 'HAI ... is looking for research assistants ... Please note that the position is open to Stanford students ONLY.' No class year stated. Openings listed by centre: Digital Economy Lab (data gathering, cleaning and analysis; 'Proficiency with R or Python is required'), CRFM ('strong students with engineering/CS expertise to build CRFM infrastructure (e.g. the HELM benchmark)'), and HAI programmes. Apply links are not in the static page.",hai-research-opportunities,2026-10-10T13:51:10+00:00,2026-10-10T13:51:10+00:00,a55a21f9c39028df1294608bfa4eea59bcb8dbf9cd3fc8ac33b197e038e27e34,unknown,2026-10-08,false
Stanford-only,Stanford Digital Economy Lab student research assistant positions,https://digitaleconomy.stanford.edu/about/careers-and-opportunities/,Periodic; none open on 2026-10-08,Stanford undergrads and grads,CHECK,"Verified 2026-10-08: 'we offer a small number of opportunities for undergraduate and graduate students, primarily for current Stanford students ... Research assistant positions open periodically throughout the year'. On 2026-10-08: 'There are currently no open opportunities at the Lab, but this page will be updated when they become available.'",digitaleconomy-careers,2026-10-10T13:51:10+00:00,,,unknown,2026-10-08,false
Tech internship,Ramp Emerging Talent,https://ramp.com/emerging-talent,Fall,Any year,YES,Verified 2026-09-30: 'For interns: anyone who will be registered in an accredited 4 year university post-internship.' Fintech SWE internships posted on Ashby 'ramp'.,ramp-ashby,,,,unknown,2026-09-30,false
Quant firm program,Meet Millennium,https://www.mlp.com/life-at-millennium/inside-meet-millennium/,~February (2026 cycle open throughout Feb 2026),No class year stated,CHECK,"Verified 2026-09-30: 'high-performing undergraduate and master's students ... Designed as an insight into Millennium's 2027 Summer Intern Program'. Travel to one of five offices; SWE/quant-engineering simulations. www.mlp.com is WP Engine, so not watched directly; the posting should surface via millennium-eightfold.",millennium-eightfold,,,,unknown,2026-09-30,false
Stanford-only,Sophomore College (SoCo),https://september.stanford.edu/apply/student-applicant,Apply ~Mar 2 - Apr 14 (spring quarter week 3),1st year (apply as frosh),YES,Verified 2026-09-30: 'Eligible students typically apply as frosh ... and will be enrolled sophomores ... in the autumn quarter immediately following Sophomore College.' 3-week residential course before autumn quarter; check that year's course list for a math/CS offering.,,,,,unknown,2026-09-30,false
Tracker / resource,MLH hackathon season calendar,https://www.mlh.com/seasons/2027/events,Weekly all year,Any undergrad year,USE,"Verified 2026-09-30: MLH's official season calendar (e.g. Gator Quant Hacks, MHacks, Oct 2026). Too high-churn for page_text; treat as a manual/calendar pointer. Correction 2026-10-08: now watched as page_text (source mlh-season-events); one Change per day at most, so the churn is bounded.",mlh-season-events,2026-10-10T13:51:10+00:00,,dcdb120dbe3f7a669c69db40787e656451bfafc441a9b3e2b65cd88b960058d8,unknown,2026-09-30,false
Research / math,REU Site in Software Engineering (REUSE) at Carnegie Mellon University (Carnegie Mellon University),https://www.nsf.gov/awardsearch/showAward?AWD_ID=2447499,Most REU sites open Dec-Feb; check the site,Undergraduates; NSF-funded places require US citizenship or permanent residency,CHECK,"NSF REU Site, Computer and Information Science (CISE), award 2447499, funded through 01/31/2028. Added 2026-10-01 from NSF's Award Search API (the nsf-reu-sites watcher reports new sites from here on). The award page names the PI and usually links the site's own page, which states the class-year rule and deadline.",,,,,unknown,2026-10-01,false
Research / math,REU Site Renewal: Enhancing AI-Driven Insights Within IoT-Enabled Ecosystems (AIoT-Sys) (University of California-Irvine),https://www.nsf.gov/awardsearch/showAward?AWD_ID=2447884,Most REU sites open Dec-Feb; check the site,Undergraduates; NSF-funded places require US citizenship or permanent residency,CHECK,"NSF REU Site, Computer and Information Science (CISE), award 2447884, funded through 07/31/2028. Added 2026-10-01 from NSF's Award Search API (the nsf-reu-sites watcher reports new sites from here on). The award page names the PI and usually links the site's own page, which states the class-year rule and deadline.",,,,,unknown,2026-10-01,false
Research / math,REU Site: Access to Inquiry in Mathematics Undergraduate Program (University of Wisconsin-Milwaukee),https://www.nsf.gov/awardsearch/showAward?AWD_ID=2447752,Most REU sites open Dec-Feb; check the site,Undergraduates; NSF-funded places require US citizenship or permanent residency,CHECK,"NSF REU Site, Mathematical Sciences, award 2447752, funded through 06/30/2028. Added 2026-10-01 from NSF's Award Search API (the nsf-reu-sites watcher reports new sites from here on). The award page names the PI and usually links the site's own page, which states the class-year rule and deadline.",,,,,unknown,2026-10-01,false
Research / math,REU Site: Advancing high-performance computing opportunities in undergraduate research at UW-Eau Claire to meet challenges of multidisciplinary computational science (University of Wisconsin-Eau Claire),https://www.nsf.gov/awardsearch/showAward?AWD_ID=2447779,Most REU sites open Dec-Feb; check the site,Undergraduates; NSF-funded places require US citizenship or permanent residency,CHECK,"NSF REU Site, Computer and Information Science (CISE), award 2447779, funded through 02/29/2028. Added 2026-10-01 from NSF's Award Search API (the nsf-reu-sites watcher reports new sites from here on). The award page names the PI and usually links the site's own page, which states the class-year rule and deadline.",,,,,unknown,2026-10-01,false
Research / math,REU Site: Agile AI Research for Safety Critical Systems (Embry-Riddle Aeronautical University),https://www.nsf.gov/awardsearch/showAward?AWD_ID=2548167,Most REU sites open Dec-Feb; check the site,Undergraduates; NSF-funded places require US citizenship or permanent residency,CHECK,"NSF REU Site, Computer and Information Science (CISE), award 2548167, funded through 09/30/2029. Added 2026-10-01 from NSF's Award Search API (the nsf-reu-sites watcher reports new sites from here on). The award page names the PI and usually links the site's own page, which states the class-year rule and deadline.",,,,,unknown,2026-10-01,false
Research / math,REU Site: AI and Science Summer Lab: advancing AI-enabled scientific discovery across the physical and biological sciences (University of Chicago),https://www.nsf.gov/awardsearch/showAward?AWD_ID=2447314,Most REU sites open Dec-Feb; check the site,Undergraduates; NSF-funded places require US citizenship or permanent residency,CHECK,"NSF REU Site, Computer and Information Science (CISE), award 2447314, funded through 03/31/2028. Added 2026-10-01 from NSF's Award Search API (the nsf-reu-sites watcher reports new sites from here on). The award page names the PI and usually links the site's own page, which states the class-year rule and deadline.",,,,,unknown,2026-10-01,false
Research / math,REU Site: AI Research for Intelligent Systems and Efficiency (University of Arizona),https://www.nsf.gov/awardsearch/showAward?AWD_ID=2548190,Most REU sites open Dec-Feb; check the site,Undergraduates; NSF-funded places require US citizenship or permanent residency,CHECK,"NSF REU Site, Computer and Information Science (CISE), award 2548190, funded through 09/30/2029. Added 2026-10-01 from NSF's Award Search API (the nsf-reu-sites watcher reports new sites from here on). The award page names the PI and usually links the site's own page, which states the class-year rule and deadline.",,,,,unknown,2026-10-01,false
Research / math,"REU Site: Algebra, Combinatorics, and Statistics (Texas State University - San Marcos)",https://www.nsf.gov/awardsearch/showAward?AWD_ID=2447229,Most REU sites open Dec-Feb; check the site,Undergraduates; NSF-funded places require US citizenship or permanent residency,CHECK,"NSF REU Site, Mathematical Sciences, award 2447229, funded through 03/31/2028. Added 2026-10-01 from NSF's Award Search API (the nsf-reu-sites watcher reports new sites from here on). The award page names the PI and usually links the site's own page, which states the class-year rule and deadline.",,,,,unknown,2026-10-01,false
Research / math,REU Site: Algorithms in Data Science with Applications (Montana State University),https://www.nsf.gov/awardsearch/showAward?AWD_ID=2548411,Most REU sites open Dec-Feb; check the site,Undergraduates; NSF-funded places require US citizenship or permanent residency,CHECK,"NSF REU Site, Computer and Information Science (CISE), award 2548411, funded through 04/30/2029. Added 2026-10-01 from NSF's Award Search API (the nsf-reu-sites watcher reports new sites from here on). The award page names the PI and usually links the site's own page, which states the class-year rule and deadline.",,,,,unknown,2026-10-01,false
Research / math,REU Site: Applied and Computational Mathematics (University of California-Los Angeles),https://www.nsf.gov/awardsearch/showAward?AWD_ID=2548181,Most REU sites open Dec-Feb; check the site,Undergraduates; NSF-funded places require US citizenship or permanent residency,CHECK,"NSF REU Site, Mathematical Sciences, award 2548181, funded through 11/30/2029. Added 2026-10-01 from NSF's Award Search API (the nsf-reu-sites watcher reports new sites from here on). The award page names the PI and usually links the site's own page, which states the class-year rule and deadline.",,,,,unknown,2026-10-01,false
Research / math,REU Site: Applied Artificial Intelligence for Advanced Applications (Worcester Polytechnic Institute),https://www.nsf.gov/awardsearch/showAward?AWD_ID=2349370,Most REU sites open Dec-Feb; check the site,Undergraduates; NSF-funded places require US citizenship or permanent residency,CHECK,"NSF REU Site, Computer and Information Science (CISE), award 2349370, funded through 03/31/2028. Added 2026-10-01 from NSF's Award Search API (the nsf-reu-sites watcher reports new sites from here on). The award page names the PI and usually links the site's own page, which states the class-year rule and deadline.",,,,,unknown,2026-10-01,false
Research / math,REU Site: Applied Computing Research in Unmanned Aerial Systems (Texas A&M University Corpus Christi),https://www.nsf.gov/awardsearch/showAward?AWD_ID=2447596,Most REU sites open Dec-Feb; check the site,Undergraduates; NSF-funded places require US citizenship or permanent residency,CHECK,"NSF REU Site, Computer and Information Science (CISE), award 2447596, funded through 07/31/2028. Added 2026-10-01 from NSF's Award Search API (the nsf-reu-sites watcher reports new sites from here on). The award page names the PI and usually links the site's own page, which states the class-year rule and deadline.",,,,,unknown,2026-10-01,false
Research / math,REU Site: Applied Mathematics in Real World Problems (Florida State University),https://www.nsf.gov/awardsearch/showAward?AWD_ID=2349382,Most REU sites open Dec-Feb; check the site,Undergraduates; NSF-funded places require US citizenship or permanent residency,CHECK,"NSF REU Site, Mathematical Sciences, award 2349382, funded through 08/31/2027. Added 2026-10-01 from NSF's Award Search API (the nsf-reu-sites watcher reports new sites from here on). The award page names the PI and usually links the site's own page, which states the class-year rule and deadline.",,,,,unknown,2026-10-01,false
Research / math,REU Site: Applied Research in Deep Learning (Missouri State University),https://www.nsf.gov/awardsearch/showAward?AWD_ID=2548161,Most REU sites open Dec-Feb; check the site,Undergraduates; NSF-funded places require US citizenship or permanent residency,CHECK,"NSF REU Site, Computer and Information Science (CISE), award 2548161, funded through 09/30/2029. Added 2026-10-01 from NSF's Award Search API (the nsf-reu-sites watcher reports new sites from here on). The award page names the PI and usually links the site's own page, which states the class-year rule and deadline.",,,,,unknown,2026-10-01,false
Research / math,"REU Site: Applying Data Science on Energy-efficient Cluster Systems and Applications (The University Corporation, Northridge)",https://www.nsf.gov/awardsearch/showAward?AWD_ID=2548509,Most REU sites open Dec-Feb; check the site,Undergraduates; NSF-funded places require US citizenship or permanent residency,CHECK,"NSF REU Site, Computer and Information Science (CISE), award 2548509, funded through 09/30/2029. Added 2026-10-01 from NSF's Award Search API (the nsf-reu-sites watcher reports new sites from here on). The award page names the PI and usually links the site's own page, which states the class-year rule and deadline.",,,,,unknown,2026-10-01,false
Research / math,REU Site: Artificial Intelligence for Computational Creativity (Brown University),https://www.nsf.gov/awardsearch/showAward?AWD_ID=2447190,Most REU sites open Dec-Feb; check the site,Undergraduates; NSF-funded places require US citizenship or permanent residency,CHECK,"NSF REU Site, Computer and Information Science (CISE), award 2447190, funded through 05/31/2028. Added 2026-10-01 from NSF's Award Search API (the nsf-reu-sites watcher reports new sites from here on). The award page names the PI and usually links the site's own page, which states the class-year rule and deadline.",,,,,unknown,2026-10-01,false
Research / math,"REU Site: Artificial Intelligence, Security, and Privacy (Northwestern University at Chicago)",https://www.nsf.gov/awardsearch/showAward?AWD_ID=2447155,Most REU sites open Dec-Feb; check the site,Undergraduates; NSF-funded places require US citizenship or permanent residency,CHECK,"NSF REU Site, Computer and Information Science (CISE), award 2447155, funded through 05/31/2028. Added 2026-10-01 from NSF's Award Search API (the nsf-reu-sites watcher reports new sites from here on). The award page names the PI and usually links the site's own page, which states the class-year rule and deadline.",,,,,unknown,2026-10-01,false
Research / math,REU Site: CNS: Sensing and Smart Systems (Florida Atlantic University),https://www.nsf.gov/awardsearch/showAward?AWD_ID=2447437,Most REU sites open Dec-Feb; check the site,Undergraduates; NSF-funded places require US citizenship or permanent residency,CHECK,"NSF REU Site, Computer and Information Science (CISE), award 2447437, funded through 09/30/2028. Added 2026-10-01 from NSF's Award Search API (the nsf-reu-sites watcher reports new sites from here on). The award page names the PI and usually links the site's own page, which states the class-year rule and deadline.",,,,,unknown,2026-10-01,false
Research / math,"REU Site: Combinatorics, Algorithms, and AI applied to Real Problems (CAAR) (University of Maryland, College Park)",https://www.nsf.gov/awardsearch/showAward?AWD_ID=2447466,Most REU sites open Dec-Feb; check the site,Undergraduates; NSF-funded places require US citizenship or permanent residency,CHECK,"NSF REU Site, Computer and Information Science (CISE), award 2447466, funded through 03/31/2028. Added 2026-10-01 from NSF's Award Search API (the nsf-reu-sites watcher reports new sites from here on). The award page names the PI and usually links the site's own page, which states the class-year rule and deadline.",,,,,unknown,2026-10-01,false
Research / math,"REU Site: Computational and Applied Mathematics Program (Cal Poly Pomona Foundation, Inc.)",https://www.nsf.gov/awardsearch/showAward?AWD_ID=2348984,Most REU sites open Dec-Feb; check the site,Undergraduates; NSF-funded places require US citizenship or permanent residency,CHECK,"NSF REU Site, Mathematical Sciences, award 2348984, funded through 08/31/2027. Added 2026-10-01 from NSF's Award Search API (the nsf-reu-sites watcher reports new sites from here on). The award page names the PI and usually links the site's own page, which states the class-year rule and deadline.",,,,,unknown,2026-10-01,false
Research / math,"REU Site: Computational Methods for Understanding Music, Media and Minds (University of Rochester)",https://www.nsf.gov/awardsearch/showAward?AWD_ID=2447607,Most REU sites open Dec-Feb; check the site,Undergraduates; NSF-funded places require US citizenship or permanent residency,CHECK,"NSF REU Site, Computer and Information Science (CISE), award 2447607, funded through 05/31/2028. Added 2026-10-01 from NSF's Award Search API (the nsf-reu-sites watcher reports new sites from here on). The award page names the PI and usually links the site's own page, which states the class-year rule and deadline.",,,,,unknown,2026-10-01,false
Research / math,REU Site: Computational Number Theory (Clemson University),https://www.nsf.gov/awardsearch/showAward?AWD_ID=2349174,Most REU sites open Dec-Feb; check the site,Undergraduates; NSF-funded places require US citizenship or permanent residency,CHECK,"NSF REU Site, Mathematical Sciences, award 2349174, funded through 10/31/2027. Added 2026-10-01 from NSF's Award Search API (the nsf-reu-sites watcher reports new sites from here on). The award page names the PI and usually links the site's own page, which states the class-year rule and deadline.",,,,,unknown,2026-10-01,false
Research / math,REU Site: Computational Sensing for Human-centered AI (Rochester Institute of Tech),https://www.nsf.gov/awardsearch/showAward?AWD_ID=2445028,Most REU sites open Dec-Feb; check the site,Undergraduates; NSF-funded places require US citizenship or permanent residency,CHECK,"NSF REU Site, Computer and Information Science (CISE), award 2445028, funded through 05/31/2028. Added 2026-10-01 from NSF's Award Search API (the nsf-reu-sites watcher reports new sites from here on). The award page names the PI and usually links the site's own page, which states the class-year rule and deadline.",,,,,unknown,2026-10-01,false
Research / math,REU Site: Computing and Engineering for Safe and Healthy Digital Environment (New York Institute of Technology),https://www.nsf.gov/awardsearch/showAward?AWD_ID=2447577,Most REU sites open Dec-Feb; check the site,Undergraduates; NSF-funded places require US citizenship or permanent residency,CHECK,"NSF REU Site, Computer and Information Science (CISE), award 2447577, funded through 05/31/2028. Added 2026-10-01 from NSF's Award Search API (the nsf-reu-sites watcher reports new sites from here on). The award page names the PI and usually links the site's own page, which states the class-year rule and deadline.",,,,,unknown,2026-10-01,false
Research / math,"REU Site: Cryptography, Coding Theory and Quantum Computing at the USF (University of South Florida)",https://www.nsf.gov/awardsearch/showAward?AWD_ID=2548160,Most REU sites open Dec-Feb; check the site,Undergraduates; NSF-funded places require US citizenship or permanent residency,CHECK,"NSF REU Site, Computer and Information Science (CISE), award 2548160, funded through 09/30/2029. Added 2026-10-01 from NSF's Award Search API (the nsf-reu-sites watcher reports new sites from here on). The award page names the PI and usually links the site's own page, which states the class-year rule and deadline.",,,,,unknown,2026-10-01,false
Research / math,REU Site: Cyberinfrastructure (CI) Research for Societal Advancement REU (University of Texas at Austin),https://www.nsf.gov/awardsearch/showAward?AWD_ID=2447887,Most REU sites open Dec-Feb; check the site,Undergraduates; NSF-funded places require US citizenship or permanent residency,CHECK,"NSF REU Site, Computer and Information Science (CISE), award 2447887, funded through 02/29/2028. Added 2026-10-01 from NSF's Award Search API (the nsf-reu-sites watcher reports new sites from here on). The award page names the PI and usually links the site's own page, which states the class-year rule and deadline.",,,,,unknown,2026-10-01,false
Research / math,REU Site: Cybersecurity in Emerging Technologies (Mississippi State University),https://www.nsf.gov/awardsearch/showAward?AWD_ID=2447266,Most REU sites open Dec-Feb; check the site,Undergraduates; NSF-funded places require US citizenship or permanent residency,CHECK,"NSF REU Site, Computer and Information Science (CISE), award 2447266, funded through 03/31/2028. Added 2026-10-01 from NSF's Award Search API (the nsf-reu-sites watcher reports new sites from here on). The award page names the PI and usually links the site's own page, which states the class-year rule and deadline.",,,,,unknown,2026-10-01,false
Research / math,REU Site: Cybersecurity Research of Unmanned Aerial Vehicles (Embry-Riddle Aeronautical University),https://www.nsf.gov/awardsearch/showAward?AWD_ID=2548278,Most REU sites open Dec-Feb; check the site,Undergraduates; NSF-funded places require US citizenship or permanent residency,CHECK,"NSF REU Site, Computer and Information Science (CISE), award 2548278, funded through 09/30/2029. Added 2026-10-01 from NSF's Award Search API (the nsf-reu-sites watcher reports new sites from here on). The award page names the PI and usually links the site's own page, which states the class-year rule and deadline.",,,,,unknown,2026-10-01,false
Research / math,REU Site: Data Science Across Disciplines (Marquette University),https://www.nsf.gov/awardsearch/showAward?AWD_ID=2548034,Most REU sites open Dec-Feb; check the site,Undergraduates; NSF-funded places require US citizenship or permanent residency,CHECK,"NSF REU Site, Computer and Information Science (CISE), award 2548034, funded through 09/30/2029. Added 2026-10-01 from NSF's Award Search API (the nsf-reu-sites watcher reports new sites from here on). The award page names the PI and usually links the site's own page, which states the class-year rule and deadline.",,,,,unknown,2026-10-01,false
Research / math,REU Site: Deep Learning for Dynamical Systems in Biological and Physical Sciences (University of Southern Mississippi),https://www.nsf.gov/awardsearch/showAward?AWD_ID=2447675,Most REU sites open Dec-Feb; check the site,Undergraduates; NSF-funded places require US citizenship or permanent residency,CHECK,"NSF REU Site, Mathematical Sciences, award 2447675, funded through 06/30/2028. Added 2026-10-01 from NSF's Award Search API (the nsf-reu-sites watcher reports new sites from here on). The award page names the PI and usually links the site's own page, which states the class-year rule and deadline.",,,,,unknown,2026-10-01,false
Research / math,"REU SITE: DIAMONDS: Directed, Intensive and Mentored Opportunities in Data Science (Tufts University)",https://www.nsf.gov/awardsearch/showAward?AWD_ID=2547822,Most REU sites open Dec-Feb; check the site,Undergraduates; NSF-funded places require US citizenship or permanent residency,CHECK,"NSF REU Site, Computer and Information Science (CISE), award 2547822, funded through 09/30/2029. Added 2026-10-01 from NSF's Award Search API (the nsf-reu-sites watcher reports new sites from here on). The award page names the PI and usually links the site's own page, which states the class-year rule and deadline.",,,,,unknown,2026-10-01,false
Research / math,REU Site: Digital Forensic Research on Emerging Computing Environments (Virginia Commonwealth University),https://www.nsf.gov/awardsearch/showAward?AWD_ID=2447453,Most REU sites open Dec-Feb; check the site,Undergraduates; NSF-funded places require US citizenship or permanent residency,CHECK,"NSF REU Site, Computer and Information Science (CISE), award 2447453, funded through 09/30/2028. Added 2026-10-01 from NSF's Award Search API (the nsf-reu-sites watcher reports new sites from here on). The award page names the PI and usually links the site's own page, which states the class-year rule and deadline.",,,,,unknown,2026-10-01,false
Research / math,REU Site: Engineers for Exploration (University of California-San Diego),https://www.nsf.gov/awardsearch/showAward?AWD_ID=2548467,Most REU sites open Dec-Feb; check the site,Undergraduates; NSF-funded places require US citizenship or permanent residency,CHECK,"NSF REU Site, Computer and Information Science (CISE), award 2548467, funded through 09/30/2029. Added 2026-10-01 from NSF's Award Search API (the nsf-reu-sites watcher reports new sites from here on). The award page names the PI and usually links the site's own page, which states the class-year rule and deadline.",,,,,unknown,2026-10-01,false
Research / math,REU Site: EXERCISE - Explore Emerging Computing in Science and Engineering (Salisbury University),https://www.nsf.gov/awardsearch/showAward?AWD_ID=2447041,Most REU sites open Dec-Feb; check the site,Undergraduates; NSF-funded places require US citizenship or permanent residency,CHECK,"NSF REU Site, Computer and Information Science (CISE), award 2447041, funded through 01/31/2028. Added 2026-10-01 from NSF's Award Search API (the nsf-reu-sites watcher reports new sites from here on). The award page names the PI and usually links the site's own page, which states the class-year rule and deadline.",,,,,unknown,2026-10-01,false
Research / math,"REU Site: Exploring the FABRIC Research Instrument to Catalyze Multi-disciplinary Research in Networks, Distributed Systems, and Emerging CyberInfrastructure (CI) Applications (University of North Carolina at Chapel Hill)",https://www.nsf.gov/awardsearch/showAward?AWD_ID=2447441,Most REU sites open Dec-Feb; check the site,Undergraduates; NSF-funded places require US citizenship or permanent residency,CHECK,"NSF REU Site, Computer and Information Science (CISE), award 2447441, funded through 07/31/2028. Added 2026-10-01 from NSF's Award Search API (the nsf-reu-sites watcher reports new sites from here on). The award page names the PI and usually links the site's own page, which states the class-year rule and deadline.",,,,,unknown,2026-10-01,false
Research / math,REU Site: Extremal Graph Theory and Dynamical Systems at RIT (Rochester Institute of Tech),https://www.nsf.gov/awardsearch/showAward?AWD_ID=2243938,Most REU sites open Dec-Feb; check the site,Undergraduates; NSF-funded places require US citizenship or permanent residency,CHECK,"NSF REU Site, Mathematical Sciences, awards 2243938, 2547942, funded through 01/31/2028. Added 2026-10-01 from NSF's Award Search API (the nsf-reu-sites watcher reports new sites from here on). The award page names the PI and usually links the site's own page, which states the class-year rule and deadline.",,,,,unknown,2026-10-01,false
Research / math,REU Site: Frontier Technologies for Biometrics and Authentication (SUNY at Buffalo),https://www.nsf.gov/awardsearch/showAward?AWD_ID=2548357,Most REU sites open Dec-Feb; check the site,Undergraduates; NSF-funded places require US citizenship or permanent residency,CHECK,"NSF REU Site, Computer and Information Science (CISE), award 2548357, funded through 09/30/2029. Added 2026-10-01 from NSF's Award Search API (the nsf-reu-sites watcher reports new sites from here on). The award page names the PI and usually links the site's own page, which states the class-year rule and deadline.",,,,,unknown,2026-10-01,false
Research / math,REU Site: Hands-On Research in Federated Learning Security through Red Team vs. Blue Team Exercises (University of Nevada Las Vegas),https://www.nsf.gov/awardsearch/showAward?AWD_ID=2548041,Most REU sites open Dec-Feb; check the site,Undergraduates; NSF-funded places require US citizenship or permanent residency,CHECK,"NSF REU Site, Computer and Information Science (CISE), award 2548041, funded through 09/30/2029. Added 2026-10-01 from NSF's Award Search API (the nsf-reu-sites watcher reports new sites from here on). The award page names the PI and usually links the site's own page, which states the class-year rule and deadline.",,,,,unknown,2026-10-01,false
Research / math,REU Site: Hardware Security (University of South Florida),https://www.nsf.gov/awardsearch/showAward?AWD_ID=2445849,Most REU sites open Dec-Feb; check the site,Undergraduates; NSF-funded places require US citizenship or permanent residency,CHECK,"NSF REU Site, Computer and Information Science (CISE), award 2445849, funded through 04/30/2028. Added 2026-10-01 from NSF's Award Search API (the nsf-reu-sites watcher reports new sites from here on). The award page names the PI and usually links the site's own page, which states the class-year rule and deadline.",,,,,unknown,2026-10-01,false
Research / math,REU Site: Home Embodied AI and Robot Technology (HEART) Undergraduate Research Experience (Northeastern University),https://www.nsf.gov/awardsearch/showAward?AWD_ID=2548331,Most REU sites open Dec-Feb; check the site,Undergraduates; NSF-funded places require US citizenship or permanent residency,CHECK,"NSF REU Site, Computer and Information Science (CISE), award 2548331, funded through 09/30/2029. Added 2026-10-01 from NSF's Award Search API (the nsf-reu-sites watcher reports new sites from here on). The award page names the PI and usually links the site's own page, which states the class-year rule and deadline.",,,,,unknown,2026-10-01,false
Research / math,REU Site: Human-AI Interaction and Evaluation in Web and Information Systems (Old Dominion University Research Foundation),https://www.nsf.gov/awardsearch/showAward?AWD_ID=2548125,Most REU sites open Dec-Feb; check the site,Undergraduates; NSF-funded places require US citizenship or permanent residency,CHECK,"NSF REU Site, Computer and Information Science (CISE), award 2548125, funded through 09/30/2029. Added 2026-10-01 from NSF's Award Search API (the nsf-reu-sites watcher reports new sites from here on). The award page names the PI and usually links the site's own page, which states the class-year rule and deadline.",,,,,unknown,2026-10-01,false
Research / math,"REU Site: Integrative Challenges in Cybersecurity-Deception, Remediation, and Resilient Systems (SUNY at Albany)",https://www.nsf.gov/awardsearch/showAward?AWD_ID=2548335,Most REU sites open Dec-Feb; check the site,Undergraduates; NSF-funded places require US citizenship or permanent residency,CHECK,"NSF REU Site, Computer and Information Science (CISE), award 2548335, funded through 09/30/2029. Added 2026-10-01 from NSF's Award Search API (the nsf-reu-sites watcher reports new sites from here on). The award page names the PI and usually links the site's own page, which states the class-year rule and deadline.",,,,,unknown,2026-10-01,false
Research / math,REU Site: Interdisciplinary Research Experience in Computational Sciences (Louisiana State University),https://www.nsf.gov/awardsearch/showAward?AWD_ID=2447810,Most REU sites open Dec-Feb; check the site,Undergraduates; NSF-funded places require US citizenship or permanent residency,CHECK,"NSF REU Site, Computer and Information Science (CISE), award 2447810, funded through 06/30/2028. Added 2026-10-01 from NSF's Award Search API (the nsf-reu-sites watcher reports new sites from here on). The award page names the PI and usually links the site's own page, which states the class-year rule and deadline.",,,,,unknown,2026-10-01,false
Research / math,REU Site: Knowledge Beyond Language with Vector Embeddings (University of North Texas),https://www.nsf.gov/awardsearch/showAward?AWD_ID=2548192,Most REU sites open Dec-Feb; check the site,Undergraduates; NSF-funded places require US citizenship or permanent residency,CHECK,"NSF REU Site, Computer and Information Science (CISE), award 2548192, funded through 09/30/2029. Added 2026-10-01 from NSF's Award Search API (the nsf-reu-sites watcher reports new sites from here on). The award page names the PI and usually links the site's own page, which states the class-year rule and deadline.",,,,,unknown,2026-10-01,false
Research / math,REU Site: Making Generative Artificial Intelligence Responsible (University of North Texas),https://www.nsf.gov/awardsearch/showAward?AWD_ID=2447834,Most REU sites open Dec-Feb; check the site,Undergraduates; NSF-funded places require US citizenship or permanent residency,CHECK,"NSF REU Site, Computer and Information Science (CISE), award 2447834, funded through 05/31/2028. Added 2026-10-01 from NSF's Award Search API (the nsf-reu-sites watcher reports new sites from here on). The award page names the PI and usually links the site's own page, which states the class-year rule and deadline.",,,,,unknown,2026-10-01,false
Research / math,REU Site: Math REU at Kent State (Kent State University),https://www.nsf.gov/awardsearch/showAward?AWD_ID=2439984,Most REU sites open Dec-Feb; check the site,Undergraduates; NSF-funded places require US citizenship or permanent residency,CHECK,"NSF REU Site, Mathematical Sciences, award 2439984, funded through 08/31/2028. Added 2026-10-01 from NSF's Award Search API (the nsf-reu-sites watcher reports new sites from here on). The award page names the PI and usually links the site's own page, which states the class-year rule and deadline.",,,,,unknown,2026-10-01,false
Research / math,REU Site: Mathematical Analysis and Applications (Regents of the University of Michigan - Dearborn),https://www.nsf.gov/awardsearch/showAward?AWD_ID=2548087,Most REU sites open Dec-Feb; check the site,Undergraduates; NSF-funded places require US citizenship or permanent residency,CHECK,"NSF REU Site, Mathematical Sciences, award 2548087, funded through 08/31/2029. Added 2026-10-01 from NSF's Award Search API (the nsf-reu-sites watcher reports new sites from here on). The award page names the PI and usually links the site's own page, which states the class-year rule and deadline.",,,,,unknown,2026-10-01,false
Research / math,REU Site: Quantum algorithms and optimization (QAO) (University of Tennessee Knoxville),https://www.nsf.gov/awardsearch/showAward?AWD_ID=2548084,Most REU sites open Dec-Feb; check the site,Undergraduates; NSF-funded places require US citizenship or permanent residency,CHECK,"NSF REU Site, Computer and Information Science (CISE), award 2548084, funded through 09/30/2029. Added 2026-10-01 from NSF's Award Search API (the nsf-reu-sites watcher reports new sites from here on). The award page names the PI and usually links the site's own page, which states the class-year rule and deadline.",,,,,unknown,2026-10-01,false
Research / math,REU Site: Quantum Information Science and Engineering (University of Washington),https://www.nsf.gov/awardsearch/showAward?AWD_ID=2446908,Most REU sites open Dec-Feb; check the site,Undergraduates; NSF-funded places require US citizenship or permanent residency,CHECK,"NSF REU Site, Computer and Information Science (CISE), award 2446908, funded through 01/31/2028. Added 2026-10-01 from NSF's Award Search API (the nsf-reu-sites watcher reports new sites from here on). The award page names the PI and usually links the site's own page, which states the class-year rule and deadline.",,,,,unknown,2026-10-01,false
Research / math,REU SITE: Research Experience for Undergraduates in Translational Applications of AI to Engineering (REU-TrACE) (Iowa State University),https://www.nsf.gov/awardsearch/showAward?AWD_ID=2447479,Most REU sites open Dec-Feb; check the site,Undergraduates; NSF-funded places require US citizenship or permanent residency,CHECK,"NSF REU Site, Computer and Information Science (CISE), award 2447479, funded through 01/31/2028. Added 2026-10-01 from NSF's Award Search API (the nsf-reu-sites watcher reports new sites from here on). The award page names the PI and usually links the site's own page, which states the class-year rule and deadline.",,,,,unknown,2026-10-01,false
Research / math,REU Site: Research Experience for Undergraduates Intersecting Computing and Evolution (Grand Valley State University),https://www.nsf.gov/awardsearch/showAward?AWD_ID=2547922,Most REU sites open Dec-Feb; check the site,Undergraduates; NSF-funded places require US citizenship or permanent residency,CHECK,"NSF REU Site, Computer and Information Science (CISE), award 2547922, funded through 09/30/2029. Added 2026-10-01 from NSF's Award Search API (the nsf-reu-sites watcher reports new sites from here on). The award page names the PI and usually links the site's own page, which states the class-year rule and deadline.",,,,,unknown,2026-10-01,false
Research / math,REU Site: Research Experiences for Undergraduates in Discrete and Applied Mathematics (Michigan State University),https://www.nsf.gov/awardsearch/showAward?AWD_ID=2244461,Most REU sites open Dec-Feb; check the site,Undergraduates; NSF-funded places require US citizenship or permanent residency,CHECK,"NSF REU Site, Mathematical Sciences, award 2244461, funded through 08/31/2027. Added 2026-10-01 from NSF's Award Search API (the nsf-reu-sites watcher reports new sites from here on). The award page names the PI and usually links the site's own page, which states the class-year rule and deadline.",,,,,unknown,2026-10-01,false
Research / math,REU Site: Research Experiences for Undergraduates in Mathematics at Indiana University (Indiana University),https://www.nsf.gov/awardsearch/showAward?AWD_ID=2447563,Most REU sites open Dec-Feb; check the site,Undergraduates; NSF-funded places require US citizenship or permanent residency,CHECK,"NSF REU Site, Mathematical Sciences, award 2447563, funded through 06/30/2028. Added 2026-10-01 from NSF's Award Search API (the nsf-reu-sites watcher reports new sites from here on). The award page names the PI and usually links the site's own page, which states the class-year rule and deadline.",,,,,unknown,2026-10-01,false
Research / math,REU SITE: Research in Consumer Networking Technologies (University of Missouri-Columbia),https://www.nsf.gov/awardsearch/showAward?AWD_ID=2548100,Most REU sites open Dec-Feb; check the site,Undergraduates; NSF-funded places require US citizenship or permanent residency,CHECK,"NSF REU Site, Computer and Information Science (CISE), award 2548100, funded through 09/30/2029. Added 2026-10-01 from NSF's Award Search API (the nsf-reu-sites watcher reports new sites from here on). The award page names the PI and usually links the site's own page, which states the class-year rule and deadline.",,,,,unknown,2026-10-01,false
Research / math,REU Site: Research on Prescriptive Analytics for AI-enabled Operations Engineering (University of Missouri-Columbia),https://www.nsf.gov/awardsearch/showAward?AWD_ID=2548110,Most REU sites open Dec-Feb; check the site,Undergraduates; NSF-funded places require US citizenship or permanent residency,CHECK,"NSF REU Site, Computer and Information Science (CISE), award 2548110, funded through 09/30/2029. Added 2026-10-01 from NSF's Award Search API (the nsf-reu-sites watcher reports new sites from here on). The award page names the PI and usually links the site's own page, which states the class-year rule and deadline.",,,,,unknown,2026-10-01,false
Research / math,REU Site: REU@UNO - An REU Site on Security and Artificial Intelligence/Machine Learning for the Internet of Things (University of Nebraska at Omaha),https://www.nsf.gov/awardsearch/showAward?AWD_ID=2447289,Most REU sites open Dec-Feb; check the site,Undergraduates; NSF-funded places require US citizenship or permanent residency,CHECK,"NSF REU Site, Computer and Information Science (CISE), award 2447289, funded through 07/31/2028. Added 2026-10-01 from NSF's Award Search API (the nsf-reu-sites watcher reports new sites from here on). The award page names the PI and usually links the site's own page, which states the class-year rule and deadline.",,,,,unknown,2026-10-01,false
Research / math,REU Site: Robotics and Autonomous Systems (University of Southern California),https://www.nsf.gov/awardsearch/showAward?AWD_ID=2447397,Most REU sites open Dec-Feb; check the site,Undergraduates; NSF-funded places require US citizenship or permanent residency,CHECK,"NSF REU Site, Computer and Information Science (CISE), award 2447397, funded through 11/30/2027. Added 2026-10-01 from NSF's Award Search API (the nsf-reu-sites watcher reports new sites from here on). The award page names the PI and usually links the site's own page, which states the class-year rule and deadline.",,,,,unknown,2026-10-01,false
Research / math,REU Site: Robots in the Real World (Oregon State University),https://www.nsf.gov/awardsearch/showAward?AWD_ID=2349747,Most REU sites open Dec-Feb; check the site,Undergraduates; NSF-funded places require US citizenship or permanent residency,CHECK,"NSF REU Site, Computer and Information Science (CISE), award 2349747, funded through 03/31/2028. Added 2026-10-01 from NSF's Award Search API (the nsf-reu-sites watcher reports new sites from here on). The award page names the PI and usually links the site's own page, which states the class-year rule and deadline.",,,,,unknown,2026-10-01,false
Research / math,REU Site: SRAII: Safe and Reliable AI and the Internet (University of Southern California),https://www.nsf.gov/awardsearch/showAward?AWD_ID=2447729,Most REU sites open Dec-Feb; check the site,Undergraduates; NSF-funded places require US citizenship or permanent residency,CHECK,"NSF REU Site, Computer and Information Science (CISE), award 2447729, funded through 07/31/2028. Added 2026-10-01 from NSF's Award Search API (the nsf-reu-sites watcher reports new sites from here on). The award page names the PI and usually links the site's own page, which states the class-year rule and deadline.",,,,,unknown,2026-10-01,false
Research / math,REU Site: Statistical Mathematics and Research Training (SMART) (Marist College),https://www.nsf.gov/awardsearch/showAward?AWD_ID=2447324,Most REU sites open Dec-Feb; check the site,Undergraduates; NSF-funded places require US citizenship or permanent residency,CHECK,"NSF REU Site, Mathematical Sciences, award 2447324, funded through 03/31/2028. Added 2026-10-01 from NSF's Award Search API (the nsf-reu-sites watcher reports new sites from here on). The award page names the PI and usually links the site's own page, which states the class-year rule and deadline.",,,,,unknown,2026-10-01,false
Research / math,REU Site: Summer Program for Interdisciplinary Research and Education-Emerging Interface Technologies (Iowa State University),https://www.nsf.gov/awardsearch/showAward?AWD_ID=2547899,Most REU sites open Dec-Feb; check the site,Undergraduates; NSF-funded places require US citizenship or permanent residency,CHECK,"NSF REU Site, Computer and Information Science (CISE), award 2547899, funded through 09/30/2029. Added 2026-10-01 from NSF's Award Search API (the nsf-reu-sites watcher reports new sites from here on). The award page names the PI and usually links the site's own page, which states the class-year rule and deadline.",,,,,unknown,2026-10-01,false
Research / math,REU Site: Summer Undergraduate Mathematics Research at Kansas State University (SUMaR at K-State) (Kansas State University),https://www.nsf.gov/awardsearch/showAward?AWD_ID=2548038,Most REU sites open Dec-Feb; check the site,Undergraduates; NSF-funded places require US citizenship or permanent residency,CHECK,"NSF REU Site, Mathematical Sciences, award 2548038, funded through 07/31/2029. Added 2026-10-01 from NSF's Award Search API (the nsf-reu-sites watcher reports new sites from here on). The award page names the PI and usually links the site's own page, which states the class-year rule and deadline.",,,,,unknown,2026-10-01,false
Research / math,REU Site: Summer Undergraduate Research Experience (SURE) at Illinois Tech (Illinois Institute of Technology),https://www.nsf.gov/awardsearch/showAward?AWD_ID=2548498,Most REU sites open Dec-Feb; check the site,Undergraduates; NSF-funded places require US citizenship or permanent residency,CHECK,"NSF REU Site, Mathematical Sciences, award 2548498, funded through 08/31/2029. Added 2026-10-01 from NSF's Award Search API (the nsf-reu-sites watcher reports new sites from here on). The award page names the PI and usually links the site's own page, which states the class-year rule and deadline.",,,,,unknown,2026-10-01,false
Research / math,REU Site: Technologies for Community-Driven Design (University of California-San Diego),https://www.nsf.gov/awardsearch/showAward?AWD_ID=2447548,Most REU sites open Dec-Feb; check the site,Undergraduates; NSF-funded places require US citizenship or permanent residency,CHECK,"NSF REU Site, Computer and Information Science (CISE), award 2447548, funded through 06/30/2029. Added 2026-10-01 from NSF's Award Search API (the nsf-reu-sites watcher reports new sites from here on). The award page names the PI and usually links the site's own page, which states the class-year rule and deadline.",,,,,unknown,2026-10-01,false
Research / math,REU Site: The Face and Mind of Artificial Intelligence (University of Southern California),https://www.nsf.gov/awardsearch/showAward?AWD_ID=2446866,Most REU sites open Dec-Feb; check the site,Undergraduates; NSF-funded places require US citizenship or permanent residency,CHECK,"NSF REU Site, Computer and Information Science (CISE), award 2446866, funded through 05/31/2028. Added 2026-10-01 from NSF's Award Search API (the nsf-reu-sites watcher reports new sites from here on). The award page names the PI and usually links the site's own page, which states the class-year rule and deadline.",,,,,unknown,2026-10-01,false
Research / math,REU Site: The future of discovery: training students to build and apply open-source machine learning models and tools (University of Illinois at Urbana-Champaign),https://www.nsf.gov/awardsearch/showAward?AWD_ID=2447843,Most REU sites open Dec-Feb; check the site,Undergraduates; NSF-funded places require US citizenship or permanent residency,CHECK,"NSF REU Site, Computer and Information Science (CISE), award 2447843, funded through 01/31/2028. Added 2026-10-01 from NSF's Award Search API (the nsf-reu-sites watcher reports new sites from here on). The award page names the PI and usually links the site's own page, which states the class-year rule and deadline.",,,,,unknown,2026-10-01,false
Research / math,REU Site: Trustworthy AI (Rochester Institute of Tech),https://www.nsf.gov/awardsearch/showAward?AWD_ID=2447631,Most REU sites open Dec-Feb; check the site,Undergraduates; NSF-funded places require US citizenship or permanent residency,CHECK,"NSF REU Site, Computer and Information Science (CISE), award 2447631, funded through 12/31/2027. Added 2026-10-01 from NSF's Award Search API (the nsf-reu-sites watcher reports new sites from here on). The award page names the PI and usually links the site's own page, which states the class-year rule and deadline.",,,,,unknown,2026-10-01,false
Research / math,REU Site: Trustworthy AI and Security for Intelligent Vehicles and Transportation Systems (University of Alabama Tuscaloosa),https://www.nsf.gov/awardsearch/showAward?AWD_ID=2548476,Most REU sites open Dec-Feb; check the site,Undergraduates; NSF-funded places require US citizenship or permanent residency,CHECK,"NSF REU Site, Computer and Information Science (CISE), award 2548476, funded through 04/30/2029. Added 2026-10-01 from NSF's Award Search API (the nsf-reu-sites watcher reports new sites from here on). The award page names the PI and usually links the site's own page, which states the class-year rule and deadline.",,,,,unknown,2026-10-01,false
Research / math,REU Site: Undergraduate Computer Research in Cybersecurity and AI (UnCoRe-CyberAI) (Oakland University),https://www.nsf.gov/awardsearch/showAward?AWD_ID=2349663,Most REU sites open Dec-Feb; check the site,Undergraduates; NSF-funded places require US citizenship or permanent residency,CHECK,"NSF REU Site, Computer and Information Science (CISE), award 2349663, funded through 02/29/2028. Added 2026-10-01 from NSF's Award Search API (the nsf-reu-sites watcher reports new sites from here on). The award page names the PI and usually links the site's own page, which states the class-year rule and deadline.",,,,,unknown,2026-10-01,false
Research / math,REU Site: Undergraduate Research  in Data Analytics (REU:URDA) (Marshall University Research Corporation),https://www.nsf.gov/awardsearch/showAward?AWD_ID=2447660,Most REU sites open Dec-Feb; check the site,Undergraduates; NSF-funded places require US citizenship or permanent residency,CHECK,"NSF REU Site, Computer and Information Science (CISE), award 2447660, funded through 04/30/2028. Added 2026-10-01 from NSF's Award Search API (the nsf-reu-sites watcher reports new sites from here on). The award page names the PI and usually links the site's own page, which states the class-year rule and deadline.",,,,,unknown,2026-10-01,false
Research / math,"REU Site: Undergraduate Research Experience in Edge Intelligence (Board of Regents, NSHE, obo University of Nevada, Reno)",https://www.nsf.gov/awardsearch/showAward?AWD_ID=2548395,Most REU sites open Dec-Feb; check the site,Undergraduates; NSF-funded places require US citizenship or permanent residency,CHECK,"NSF REU Site, Computer and Information Science (CISE), award 2548395, funded through 09/30/2029. Added 2026-10-01 from NSF's Award Search API (the nsf-reu-sites watcher reports new sites from here on). The award page names the PI and usually links the site's own page, which states the class-year rule and deadline.",,,,,unknown,2026-10-01,false
Research / math,"REU Site: Undergraduate Research Experiences in Artificial Intelligence, Data Analytics, and Mixed Reality for Smart and Connected Health (Texas State University - San Marcos)",https://www.nsf.gov/awardsearch/showAward?AWD_ID=2447856,Most REU sites open Dec-Feb; check the site,Undergraduates; NSF-funded places require US citizenship or permanent residency,CHECK,"NSF REU Site, Computer and Information Science (CISE), award 2447856, funded through 03/31/2028. Added 2026-10-01 from NSF's Award Search API (the nsf-reu-sites watcher reports new sites from here on). The award page names the PI and usually links the site's own page, which states the class-year rule and deadline.",,,,,unknown,2026-10-01,false
Research / math,REU Site: Undergraduate Research in the Mathematical Sciences and their Applications (Texas A&M University),https://www.nsf.gov/awardsearch/showAward?AWD_ID=2548033,Most REU sites open Dec-Feb; check the site,Undergraduates; NSF-funded places require US citizenship or permanent residency,CHECK,"NSF REU Site, Mathematical Sciences, award 2548033, funded through 08/31/2029. Added 2026-10-01 from NSF's Award Search API (the nsf-reu-sites watcher reports new sites from here on). The award page names the PI and usually links the site's own page, which states the class-year rule and deadline.",,,,,unknown,2026-10-01,false
Research / math,REU Site: UT Rio Grande Valley REU Program on Applied Mathematics and Computational and Data Science (AMCADS) (The University of Texas Rio Grande Valley),https://www.nsf.gov/awardsearch/showAward?AWD_ID=2447683,Most REU sites open Dec-Feb; check the site,Undergraduates; NSF-funded places require US citizenship or permanent residency,CHECK,"NSF REU Site, Mathematical Sciences, award 2447683, funded through 11/30/2028. Added 2026-10-01 from NSF's Award Search API (the nsf-reu-sites watcher reports new sites from here on). The award page names the PI and usually links the site's own page, which states the class-year rule and deadline.",,,,,unknown,2026-10-01,false
Research / math,REU SITE: WAVE SURF: Workforce Advancement in Verification and Emulation of Semiconductor Chips -- Undergraduate Research Fellowships (Texas A&M Engineering Experiment Station),https://www.nsf.gov/awardsearch/showAward?AWD_ID=2548388,Most REU sites open Dec-Feb; check the site,Undergraduates; NSF-funded places require US citizenship or permanent residency,CHECK,"NSF REU Site, Computer and Information Science (CISE), award 2548388, funded through 09/30/2029. Added 2026-10-01 from NSF's Award Search API (the nsf-reu-sites watcher reports new sites from here on). The award page names the PI and usually links the site's own page, which states the class-year rule and deadline.",,,,,unknown,2026-10-01,false
Research / math,LLNL student internships (Lawrence Livermore National Laboratory),https://www.llnl.gov/join-our-team/careers/student-internship-veteran-programs,Check site,Undergraduates (see page),CHECK,Undergraduate summer internships plus internally and externally sponsored student programmes. Not part of DOE SULI's lab list in this file.,llnl-students,2026-10-10T13:51:10+00:00,2026-10-09T14:37:00+00:00,35faef9fae846e990fab57f24c2da1aa1dbbaca7cd66ec0c677871c020c6d346,open,2026-10-01,false
Research / math,LANL student internships (Los Alamos National Laboratory),https://www.lanl.gov/engage/collaboration/internships,Check site,Undergraduates (see page),CHECK,Lab-run undergraduate internship programme. The old /careers/career-options/student-internships URL redirects here.,lanl-students,2026-10-10T13:51:10+00:00,2026-10-10T13:51:10+00:00,13ddb9df9d2cc52fea3f018ba916c3df659388776543d7a21e93141cc8810e77,unknown,2026-10-01,false
Research / math,Sandia National Laboratories student internships,https://www.sandia.gov/careers/careers/students-and-postdocs/,Check site,Undergraduates (see page),CHECK,Undergraduate and graduate internships across Sandia's sites.,sandia-students,2026-10-10T13:51:10+00:00,2026-10-07T14:42:32+00:00,337c3d5c81cd7fdc69c92fddb83f5908e33136b373106e1b5e1c03e302dc5adb,unknown,2026-10-01,false
Research / math,Johns Hopkins APL internships,https://www.jhuapl.edu/careers/internships,Check site,Undergraduates (see page),CHECK,Page states a minimum GPA requirement. Simplify already carries some APL postings; this watches the programme page itself.,jhuapl-internships,2026-10-10T13:51:10+00:00,,e61d095bc724d0bffcfa9af426fb3ca60cfbc77fe20384dac0032427b660a6a2,unknown,2026-10-01,false
Research / math,MIT Lincoln Laboratory student opportunities,https://www.ll.mit.edu/careers/student-opportunities,Check site,Undergraduates (see page),CHECK,Several tracks. The industry-mentor programme is for students in their junior year; the Summer Research Program takes undergraduate and graduate students.,mitll-students,2026-10-10T13:51:10+00:00,,e6a8b62feae47671a9eace8e68f600fefd7d691d28f3c37a339ef0ed04e5d36d,unknown,2026-10-01,false
Research / math,NSA student programs,https://www.intelligencecareers.gov/nsa/students,Check site,Undergraduates; US citizens only,CHECK,NSA's student internship and co-op listings on intelligencecareers.gov. Security clearance means US citizens only.,nsa-students,2026-10-10T13:51:10+00:00,,860097cc82f28741a94b12fe159db53cca93f0811188483f5608452c37cad3d2,unknown,2026-10-01,false
Research / math,NASA JPL internships,https://www.jpl.nasa.gov/edu/internships/,Check site,Undergraduates (see page),CHECK,"Returned HTTP 403 to the tracker's client on 2026-10-01, so it is not watched; check by hand.",,,,,unknown,2026-10-01,false
Research / math,CMU Robotics Institute Summer Scholars (RISS),https://riss.ri.cmu.edu/,Check site,Undergraduates (see page),CHECK,11-week summer research immersion for undergraduates at CMU's Robotics Institute.,cmu-riss,2026-10-10T13:51:10+00:00,,2cc4387e1d0ba1ba0bcffa6325bd94482d49d376063b49394fb833f1d6c8d974,unknown,2026-10-01,false
Research / math,Caltech SURF,https://sfp.caltech.edu/undergraduate-research/programs/surf/application_information,Check site,Undergraduates (see page),CHECK,"Summer Undergraduate Research Fellowship. Open to non-Caltech students, though the page notes they may find it harder to secure a mentor.",caltech-surf,2026-10-08T14:49:47+00:00,,,unknown,2026-10-01,false
Research / math,NASA-Caltech JPL SURF,https://www.jpl.nasa.gov/edu/intern/apply/caltech-summer-undergraduate-research-fellowship/,Check site,Undergraduates (see page),CHECK,"SURF projects hosted at JPL. jpl.nasa.gov returned HTTP 403 to the tracker's client on 2026-10-01, so it is not watched.",,,,,unknown,2026-10-01,false
Research / math,Princeton summer research programs (non-Princeton undergraduates),https://undergraduateresearch.princeton.edu/programs/summer-programs,Check site,Undergraduates (see page),CHECK,"Princeton's directory of summer research programmes; filterable by eligibility for non-Princeton students and by class year. | 2026-10-01: probed HTTP 200, then HTTP 403 from Cloudflare to the tracker's client minutes later, so it is not watched; check by hand.",,,,,unknown,2026-10-01,false
Research / math,UC Davis GREAT program,https://great.ucdavis.edu/,Check site,Undergraduates (see page),CHECK,"Global Research Experience in Advanced Technologies. Returned HTTP 403 to the tracker's client on 2026-10-01, so it is not watched.",,,,,unknown,2026-10-01,false
Research / math,USC ICT Summer Research Program,https://ict.usc.edu/careers/internships/summer-research-program-application/,Check site,Undergraduates (see page),CHECK,USC Institute for Creative Technologies summer research programme.,usc-ict-summer,2026-10-08T14:49:47+00:00,,,unknown,2026-10-01,false
Research / math,Berkeley SUPERB-AI4E REU,https://eecs.berkeley.edu/resources/undergrads/undergraduate-research/superb/,Check site,Rising juniors and seniors; US citizens or permanent residents,LATER,"NSF REU site in EECS at UC Berkeley. Page states: US citizens or permanent residents who are rising juniors or seniors with some upper-division EECS coursework, so a first-year is not yet eligible.",berkeley-superb,2026-10-08T14:49:47+00:00,,,unknown,2026-10-01,false
Research / math,Purdue Summer Research Opportunities Program (SROP),https://www.purdue.edu/academics/ogsps/ogrs/summer-research-opportunity-program/,Check site,Undergraduates (see page),CHECK,"Part of the Big Ten Academic Alliance SROP. Page states eligibility includes US citizens, permanent residents, refugees and asylees enrolled at a US institution; read the full criteria on the page.",purdue-srop,2026-10-10T13:51:10+00:00,,2e93fb5b9a7551a7ee64edea2c118684e0785c754ece9d96bf585b04dfe59d8f,unknown,2026-10-01,false
Research / math,IPAM RIPS (UCLA),https://www.ipam.ucla.edu/programs/student-research-programs/,Check site,Undergraduates (see page),CHECK,Research in Industrial Projects for Students: teams of undergraduates on sponsored industry problems in applied mathematics.,ipam-rips,2026-10-10T13:51:10+00:00,,f156c5a1eb2a730f052e5bdde879df206b4d79cf988c70df5cb096ad4063a1ad,unknown,2026-10-01,false
Research / math,Ai2 internships (Allen Institute for AI),https://allenai.org/internships,Check site,Undergraduates (see page),CHECK,"Research internships are open to undergraduates in AI-related fields year-round; engineering internships are for juniors, seniors and graduate students.",ai2-internships,2026-10-10T13:51:10+00:00,,91f69cbea24426b1ebf3ce81ea78eb3ae94fda3cc7036100c76a86d44f547f64,unknown,2026-10-01,false
Tracker / resource,Built In software engineering internships,https://builtin.com/jobs/dev-engineering/internship,Rolling,Varies by posting,USE,"Front page of Built In's software engineering internship listings, newest first (about 14-25 cards), watched as a what's-new feed rather than a full list: the site returns HTTP 429 after roughly 70 requests at one a second, so a full crawl is not polite. Measured 2026-10-01 across a deeper crawl: most of its in-field internships were not on Simplify, but many are generic internships at large non-technology employers.",builtin-dev-engineering,2026-10-10T13:51:10+00:00,2026-10-10T13:51:10+00:00,689ff0a10ae8a53468c66dd085c3c06b3e1b65ddcbafd123f1d16236198a2d97,unknown,2026-10-01,false
Tracker / resource,Built In data and analytics internships,https://builtin.com/jobs/data-analytics/internship,Rolling,Varies by posting,USE,"Front page of Built In's data and analytics internship listings, newest first (about 14-25 cards), watched as a what's-new feed rather than a full list: the site returns HTTP 429 after roughly 70 requests at one a second, so a full crawl is not polite. Measured 2026-10-01 across a deeper crawl: most of its in-field internships were not on Simplify, but many are generic internships at large non-technology employers.",builtin-data-analytics,2026-10-10T13:51:10+00:00,2026-10-10T13:51:10+00:00,65ecd7c7d703437fcf068b759971925488a3d670b656c1377a2a8bb6da1e33f6,unknown,2026-10-01,false
Tracker / resource,Built In finance internships,https://builtin.com/jobs/finance/internship,Rolling,Varies by posting,USE,"Front page of Built In's finance internship listings, newest first (about 14-25 cards), watched as a what's-new feed rather than a full list: the site returns HTTP 429 after roughly 70 requests at one a second, so a full crawl is not polite. Measured 2026-10-01 across a deeper crawl: most of its in-field internships were not on Simplify, but many are generic internships at large non-technology employers.",builtin-finance,2026-10-10T13:51:10+00:00,2026-10-10T13:51:10+00:00,37efc8c16173ea0352bc660d406f5c88a1553f458978f2f841e0d7e647eff8c8,unknown,2026-10-01,false
Competition,Cal Hacks,https://www.calhacks.io/,"Fall event (Cal Hacks 13.0 listed by MLH for Oct 23-25 2026, San Francisco); 2026 priority deadline Sep 13, regular Sep 20","Undergrad and grad students, new grads under 1 year",CHECK,"Verified 2026-10-08: 'Cal Hacks is open to undergraduate and graduate students as well as new grads of under 1 year from all colleges and universities.' Travel: 'This year, we will be offering travel stipends to a limited number of hackers with regional caps based on the region you are coming from'; most attendees get there themselves (Caltrain, BART). Run by Hackers@Berkeley; held in San Francisco.",calhacks,2026-10-10T13:51:10+00:00,,7ab22c25100b1653e811fd08ea7b898d5db6f3ff74bb599e2c0a92951160a597,unknown,2026-10-08,false
Competition,HackMIT,https://hackmit.org/,"2026 cycle: applications due Jul 4, decisions early Aug; event in the fall",College students (check site),CHECK,Verified 2026-10-08 (rendered page): 'Everyone who attends HackMIT is eligible for travel reimbursement'; 'travel stipends will be available for accepted hackers'; documentation must follow the travel policy and a project must be submitted to receive reimbursement.,,,,,unknown,2026-10-08,false
Competition,HackGT,https://hack.gt/,Fall event at Georgia Tech (HackGT 13 on the MLH 2027 season),College students (check site),CHECK,"Verified 2026-10-08 (rendered page): 'If you will be traveling from afar, we offer reimbursements to GT'; the page links a travel guide.",hackgt,2026-10-10T13:51:10+00:00,,1e606554cb1fb3233faad3f328b540d49ed508c91d00a0f43d4a661e0a0455d6,unknown,2026-10-08,false
Competition,HackPrinceton,https://www.hackprinceton.com/,"Fall and spring events; Fall 2026 applications closed Sep 28, 2026",Matriculated undergrad or grad students,CHECK,Verified 2026-10-08: 'Applicants must be matriculated in an undergraduate or graduate program at a college or university.' Travel: 'Some admitted hackers may receive a travel stipend that covers part of their travel expenses.' No cost to apply or attend.,hackprinceton,2026-10-10T13:51:10+00:00,,c82ad6e396a494c1d28812732826d280080ea860925c28c7c9631f0698c0ce63,unknown,2026-10-08,false
Competition,YHack,https://www.yhack.org/,Spring event (2026: Mar 28-29); page takes sign-ups for YHack 2027 updates,College students (check site),CHECK,"Verified 2026-10-08: 'Accepted participants will have the opportunity to apply for travel reimbursement. We expect to be able to support many participants traveling from the East Coast, with additional consideration given' beyond it. Yale.",yhack,2026-10-10T13:51:10+00:00,,60a00bf44ee65fc9a6885579a3d1b8db86c815e4955f959203554379397a67d5,unknown,2026-10-08,false
Competition,HackUMass,https://www.hackumass.com/,Fall event (HackUMass XIV on the MLH 2027 season); travel reimbursement only for early applicants,"All college students, incl. grad students",CHECK,"Verified 2026-10-08: 'HackUMass XIV is open to ALL college students, including graduate students, regardless of major!' Travel: 'If you apply by the early application deadline, you have the opportunity to apply for travel reimbursement.' Early applications for XIV were already closed on 2026-10-08.",hackumass,2026-10-10T13:51:10+00:00,,b974bde6fb9765f483d9acb34135a5d37f925aecea5037ec34a676b0394c30e9,unknown,2026-10-08,false
Competition,LA Hacks,https://www.lahacks.com/,"LA Hacks 2027 at UCLA Pauley Pavilion, mid-April 2027",College students of all skill levels,CHECK,"Verified 2026-10-08: 'LA Hacks is open to college students of all skill levels'; 'hosted at UCLA's Pauley Pavilion ... in Mid-April 2027'. The FAQ has a 'Travel Reimbursement' tab, but its answer is not in the served HTML, so whether travel is reimbursed for 2027 is unverified.",lahacks,2026-10-10T13:51:10+00:00,,ea06a46b11320bd57b751172369cfcc31f17024123cbd88ddcaf6a325a9e091c,unknown,2026-10-08,false
Competition,HopHacks,https://hophacks.com/,"Fall event at Johns Hopkins; 2026 applications closed Sep 1, reviewed on a rolling basis",College students (check site),CHECK,"Verified 2026-10-08: 'We will not be offering individual travel reimbursements. However, please see the busing interest form ... If enough people from your city sign up, we may send a FREE bus.'",hophacks,2026-10-10T13:51:10+00:00,,918a52f94a4c7373e0ca6ebb8b3e5af6910735ca0080fe12b93c03d30cbbc367,unknown,2026-10-08,false
Competition,SF Hacks,https://www.sfhacks.io/,Spring event at San Francisco State (listed on the MLH 2027 season),"All students, high school through university",CHECK,"Verified 2026-10-08: 'All students are welcome, from high school through university.' 'We are not offering travel reimbursements this year.' San Francisco.",sfhacks,2026-10-10T13:51:10+00:00,,7cbee8e9e69bade2441a703f668b47db0bed730ace44335f07c9397f2224e921,unknown,2026-10-08,false
Competition,SJHacks,https://www.sjhacks.com/,"Spring event (2026: Apr 25-26 at Guildhouse, San Jose)",Check site,CHECK,"Verified 2026-10-08: 'SJHacks is a 24-hour in-person hackathon at San Jose State University'; 2026 edition April 25-26 at Guildhouse, San Jose. The page states no eligibility rule and nothing about travel.",sjhacks,2026-10-10T13:51:10+00:00,,18d18e171afae3acff81839588ce5b4630c393b4040cc728474ab2269a54d251,unknown,2026-10-08,false
Tracker / resource,Cerebral Valley SF & Bay Area AI events calendar,https://cerebralvalley.ai/events/san-francisco,Rolling; events weekly,Open events; most hackathons are apply-and-approve,CHECK,"Verified 2026-10-08: Cerebral Valley's SF and Bay Area AI event feed, mixing hackathons with talks and meetups, e.g. 'The Recursive Agents Hackathon' (Oct 17, Shack15 SF; 'All attendees must apply and be approved') and 'Intelligence at Work Hackathon' (Oct 23, Menlo Park). Not student-specific; check each event's own terms.",cerebralvalley-sf-events,2026-10-10T13:51:10+00:00,2026-10-10T13:51:10+00:00,9b6c8fad2b0c95f685bac8bf6d888e13b5d47c583146a86af8b847c5d3f17d6a,unknown,2026-10-08,false
Competition,Hack for Humanity (Santa Clara University),https://hackforhumanity.io/,Check site,Check site,CHECK,"Not verified: on 2026-10-08 the site returned HTTP 429 with a Vercel Security Checkpoint page to the tracker's client, so neither eligibility nor travel terms could be read.",,,,,unknown,2026-10-08,false
Quant firm program,Weiss Asset Management 2027 Underclassmen Fellowship,https://job-boards.greenhouse.io/weissassetmanagement,"Posted 2026-10-02, open now; no deadline stated. Event Jan 7-8, 2027 (Boston)",1st & 2nd year,CHECK,"Verified 2026-10-08 on Weiss's Greenhouse board (posting 8831639002, updated 2026-10-02): ""This program is only open to current Freshmen and Sophomores (Classes of 2029 and 2030)"". Two-day in-person programme in Boston ""on January 7th and 8th, 2027""; ""All selected students will have their transportation and hotel costs fully covered""; ""High-performing fellows may be considered for future internship opportunities."" No identity gate stated. No application deadline stated in the posting, so apply early. weissasset.com/careers carries no programme text (893 chars), so the board is the watch target. Source: research notes, Freshman finance programs 2026-27.",weiss-greenhouse,,,,unknown,2026-10-08,false
Competition,WITG x Fundamental Edge Stock Pitch Competition (Penn),https://www.pennwitg.com/competition,"Registration and first-round executive summary due Oct 19, 2026, 11:59pm ET; finals Oct 28, 2026",Any undergrad,CHECK,"Verified 2026-10-08 on the official page: ""The competition is open to all university undergraduate students across the United States and internationally who wish to participate. Teams are allowed to cross-register with undergraduates from any school and are able to register in groups of 2-4."" Fourth annual edition, hosted by the Wharton Investment & Trading Group. Dates: registration opened Sep 21, 2026; ""Registration and First Round Executive Summary Deadline ... Monday, October 19, 2026 at 11:59PM EST""; finalists Oct 22; final round Oct 28 at Huntsman Hall with a virtual option. No class-year restriction stated.",witg-stock-pitch,2026-10-10T13:51:10+00:00,,c31211e6e78496e706641583348f9e7896ed2e9deced3e7afead68283d64a796,unknown,2026-10-08,false
Competition,UChicago Blue Chips Intercollegiate Stock Pitch Competition,https://www.tbc.uchicago.edu/pitch-competition,"2027 edition ""will be held in March 2027""; 2026 first-round submissions were due Mar 20",Any undergrad,CHECK,"Verified 2026-10-08 on the official page: ""Our 2026 Intercollegiate Stock Pitch Competition has concluded. Please stay tuned for our 2027 Intercollegiate Stock Pitch Competition, which will be held in March 2027."" Requirements: ""Teams of 1-3 undergraduates (cross-school teams and international students welcome)"", long-only pitch on an NYSE/Nasdaq company over $2B, 15-slide deck plus valuation model, blind submission. 2026 prizes $1,200 / $800 / $400; virtual finals. No class-year restriction stated.",uchicago-bluechips-pitch,2026-10-10T13:51:10+00:00,,62cf2b1e8233f3210e3811388cba703ad037160950fed45ead309ddf75501a12,unknown,2026-10-08,false
Competition,Texas Stock Pitch (UT Austin USIT),https://www.texasusit.org/competitions-overviews,"""This competition will be held in February 2027""",Any undergrad,CHECK,"Verified 2026-10-08 on USIT's competitions overview: Texas Stock Pitch is ""the largest stock pitch competition in the Southern United States"" and ""provides undergraduate students from all over the nation with the opportunity to demonstrate their proficiency in investment research, valuation, and presentation""; up to $5,000 in prizes; ""This competition will be held in February 2027."" Class-year rules, team size and fees are not on this page and were not verified: texasstockpitch.com does not resolve (DNS) and stockpitch.texasusit.org, linked from the page, returned 404 on 2026-10-08. The same page lists Texas Charity Pitch (Nov 2026) and the Analyst Group Stock Pitch, which is for USIT's own members only.",texas-usit-competitions,2026-10-10T13:51:10+00:00,,a99f4492af7218450a406851894cfca0769c5478fffc760eb7fefd5656e32715,unknown,2026-10-08,false
Competition,Miami University - Cleveland Research Intercollegiate Stock Pitch Competition,https://miamioh.edu/fsb/departments/finance/stock-pitch.html,"2026 edition: register by Mar 6, first round Mar 25 (non-Miami teams), finals Apr 9-10 in Oxford, OH. 2027 dates not yet posted",Any student,CHECK,"Verified 2026-10-08 on the official page, which still describes the 2026 edition: ""Each team of 2-4 students will assemble a slide deck to pitch a long or short equity position with a 3-12 month horizon."" ""interested teams must register by the end of the day on March 6""; non-Miami teams submit a written proposal (max 20 slides) by Mar 25; finalists attend a dinner Apr 9 and present in person Apr 10 in Oxford, OH, judged by Cleveland Research Company. Prizes $1,500 / $1,000 / $500. No class-year restriction stated on the page.",miami-stock-pitch,2026-10-10T13:51:10+00:00,,af6aae976a11f28c0bd8b5465e224b6f7b51e64b20224821c597cb9cc63aa3a5,unknown,2026-10-08,false
Competition,Princeton Stock Pitch (Tiger Investments),https://princetonstockpitch.vercel.app/,"Submission deadline Mar 5, 2027 (tentative); finals Mar 15, 2027 on Zoom",Student investment clubs,VIA CLUB,"Verified 2026-10-08 on the official page: ""open to student investment clubs nationwide""; ""Who can enter: Open to all student investment clubs. Teams of 3-5 members."" Free, virtual; 3-5 page memo, presentation and model on one long or short idea over $2B market cap. Tentative 2027 dates: submissions Mar 5, finalists Mar 12, live Zoom finals Mar 15. Prize pool ~$6,000. Entry is through a club, so a Stanford investing club team is the route in; no class-year restriction stated.",princeton-stock-pitch,2026-10-10T13:51:10+00:00,,4bedd057012c58ee5ef8ed7a919564f4b6a35835113213fd5e0411d5177a7151,unknown,2026-10-08,false
Competition,"The BIG Pitch Comp (Boulevard Investment Group, SMU Cox)",https://www.blvdinvestmentgroup.org/thebigpitchcomp,"2026 edition: applications Feb 19 - Mar 12, finals Apr 10-11 in Dallas. 2027 dates not yet posted",Any undergrad,CHECK,"Verified 2026-10-08 on the official pages, still describing the 2026 edition: ""A national stock pitch competition for collegiate undergraduates""; ""Team size: 2-4 undergraduate students""; the apply page says ""Undergraduate-only competition. Cross-school teams allowed."" Deck plus 3-minute thesis video on one U.S.-listed equity over $1B. $20,000 prize pool ($10k / $6.5k / $3.5k); finalists must travel to Dallas and BIG pays one hotel night (Apr 10). No class-year restriction stated. The separate ""2026 Freshmen Pitch Comp"" on the same site is for SMU students only and is not tracked.",big-pitch-comp,2026-10-10T13:51:10+00:00,,c4f4377b426d0f61d44992fd52d46220ac4354378b16a6c17649e17b1791e969,unknown,2026-10-08,false
Competition,ENGAGE Undergraduate Investment Conference Stock Pitch (Michigan UIC),https://www.umichuic.com/,"One-pager due Oct 28, 2026, 11:59pm, reviewed on a rolling basis; conference Nov 14, 2026 in Ann Arbor",Any undergrad,CHECK,"Verified 2026-10-08 on the official site. Home page: the conference ""will return to the University of Michigan on Saturday, November 14th 2026. Stock Pitch submissions are now live."" UIC 19 page: ""Each team of 2-4 members will pitch an equity, long or short""; ""Each team must submit a one-pager here highlighting their idea by October 28th, 2026 at 11:59pm""; ""These one-pagers will be evaluated on a rolling basis"". Invited teams must each buy a conference ticket. FAQ: ""groups can even be comprised of people across different organizations or different universities."" Prizes $7,500 / $2,000 / $1,000. Hosted by Michigan Interactive Investments at Ross. Undergraduate conference; no class-year restriction stated.",umich-uic,2026-10-10T13:51:10+00:00,,1ba8a44c736a68d0a7d0767bb9b205351a6d3db419b838e9db1f939f34ed7a41,unknown,2026-10-08,false
Competition,HFAC x Citadel Intercollegiate Stock Pitch Competition,https://www.harvardfac.org/hfac-citadel-pitch-comp,"2026 edition: interest form closed Sep 18, event Oct 22-24 in NYC. Next edition expected ~Sep 2027","Sophomores, juniors, seniors",LATER,"Verified 2026-10-08 on the official page: HFAC with the Citadel Associate Program ""is pleased to invite current sophomores, juniors, and seniors""; ""*Eligibility: Teams of 2-4 undergraduate students in good standing, eighteen years of age or older, graduating between December 2026 and May 2029, attending a university located in the 50 US States, US territories, Washington, DC, or Canada"". The 2026 window excludes a 2030 graduate. ""Citadel will sponsor travel and lodging for all selected teams"", and ""all finalists in the sophomore class (Class of 2029) will receive a first round interview with the Citadel Associate Program."" The page URL is not year-specific, so the 2027 edition, whose window should include the class of 2030 as sophomores, is expected here.",hfac-citadel-pitch,2026-10-10T13:51:10+00:00,,693b069427ebe89db381f243613080d22fa9e9f832f9ce651ff7f887c07140d6,unknown,2026-10-08,false
